customer_id,registration_ts,country_code,city,age_class;
,,,,;
a8b71d74e4106e962d07c2e6d01dbf7087f6eaea,1470589371,FR,Avignon,;
53c10ac358f570d630a504725fb321007224b20e,1507902978,FR,Decines,40-50;
c7e8940668746ec58cedf76eccf66d68fbc3b390,1440360000,FR,Chateau L Eveque,40-50;
91f9fd5c8a0619c2b2bd14165faecb6193781b9b,1476208698,FR,Epinay Sur Seine,20-30;
d03bd93313d211e6efb39f567a0d178504ee2de7,1427407200,BE,Bruxelles,20-30;
9bc78d1a74e9ab813ee160e8e5f05fa833e014b1,1507904085,FR,Siersthal,40-50;
73911c8ae78c1e19f8e3d16aa565eb07931d7db0,1423173600,FR,Panisseres,;
7be76b71e0dcaef2468df44772b5df8ae0d46df9,1491978382,FR,Bordeaux,30-40;
4a5cdd9219fa17ff2a56c72cff084e161c3f5169,1507903616,FR,Floing,;
a47f2007df7cda47ca3ebc86e10fd39bc883fe1f,1507896141,FR,Corbeil,;
76a3754228ba2ef54b1b024d9424135b67312b15,1507903412,FR,Paris,20-30;
fc9714950d0684a56936c4db7b729566d20f94e8,1507903406,FR,Unieux,;
3af00c1d30962ee88dc3925615266e37483e4549,1386021600,FR,Lens,;
58e800eadbb8ccc795c90e6b3e87b1d847c2ef2e,1457941087,FR,Carrieres Sur Seine,;
a404ccd4208b152cd2f2c71da9229fadd08b4003,1494663333,FR,Epehy,20-30;
4f1219af35a21aa3b89611972e388eb4664820ec,1468495501,FR,Osny,;
8efd18c7a110f912487aa12beaa3a9e4ec79c400,1507716766,NL,Amsterdam,20-30;
e43a894312e99b4b50412d46b9223cd3ec2b86d6,1507903241,FR,Gorcy,;
249eafa2a276ffd628ac59f6237d532da945b4d9,1433880000,FR,Tournon,20-30;
9da2a8415ad88c854614975275e4914d311a8116,1507891099,FR,Auxerre,10-20;
2681d2ccc6dab4edb0c1f551b0f440d3f500e3cf,1321304400,FR,Bobigny,30-40;
3e3f942786c24d713f21f7b9c5ffc9c3cf4d078d,1444154400,FR,Dagneux,;
a85a9cc9dfb10cbdf786ae2d6b523e98db23b5a2,1507902833,FR,La Croix Valmer,;
d2f51729cf3f2c8ef1b693fd535e581c79f1c009,1507902932,FR,Calais,20-30;
10ad059479c2b728a56eb91bf5fd0b02d5b1574c,1458194318,FR,Chevry Village Moyon,20-30;
55f3526476789b4faed5530783d7c1b580bc5617,1507709569,FR,Roissy En France,20-30;
dee19c71bae6898117c163f11e00f4f1ae32e6bf,1507645334,FR,Chenve,30-40;
ed5ab9ff5dcda0ad0efc7cc334ff10c90d637006,1431626400,FR,St Denis,;
b00a0062df997978c6df27bdb2a4f3c786573bf6,1505117465,FR,St-Cyr-Sur-Loire,30-40;
e19f9de5b98e2b4e606cafc1913922cdf8aad204,1458212901,FR,Saint Julien Chapteuil,;
b3614cb4b695431dd08ef64b0f7b08e14c5a8fc8,1496080048,FR,Frjus,;
21d6e2f2eb17d092e42987d618b850eabc1946f8,1468738992,FR,Sollies Pont,;
48294602f7d51a40359a8642f57b594742afd3b8,1507902449,FR,Echebrune,40-50;
89004e034e9033b4cb1c8836581c2dfbb0122e2f,1480688008,FR,Marcq En Baroeul,20-30;
8174ce2558036452311455c7197424600c6cb87a,1507902223,FR,Paris,30-40;
8153d227d08cf1f826a7866f0b60554269c7c30b,1501443741,FR,Saint Jean De Lier,20-30;
e4a0856577ff12d954883f59289a3938cb9ad676,1428609600,RE,St Denis,;
955f6dbbcdc4763c0f091299f46ddf4e7daa3500,1507119133,FR,Charenton Le Pont,40-50;
4209e32c11001c7b8cb669b0ec8babd35b71ca79,1507902160,FR,Poitiers,10-20;
47c5a4e2f2bfb563f53d3f947e33b9b24997bd59,1398880800,FR,Le Fay,;
67ab875330bbc927795b54bba6c789ae1cf7e5ad,1504765082,FR,Saint Martin Vsubie,;
fbc5adaa0ae231dd5451b45a303c5fb502a16739,1304186400,FR,Verrieres Le Buisson,40-50;
31ceb5d5a6738835ab92f446ce811c63f61c22be,1507455332,FR,Vitry Sur Seine,20-30;
d18e11fcf82c616e2af938fd366b222e82128718,1507896096,FR,Vincennes,40-50;
001189f1b7277852396228dc2ba0019bfbd6daac,1491647874,FR,Ballersdorf,;
a5fe4b132a640666b70460d57cb33e6d4e838959,1451825968,FR,Roubaix,10-20;
825662ad4623c9c953846886436cee5cdcf76af6,1480699887,FR,Bellegarde,30-40;
599252ef0bc112ce02727ab89042d40f68a4b497,1433188800,FR,Courcouronnes,;
601265c08327bcfb78bd1f550406a0e69d3976ed,1462252319,FR,Limoges,;
5de5ff0b3385b8fd3406af65f95c5121ddf317c5,1507900930,FR,Reguiny,;
ac0716bbc585279c5d105c0045c34edc25e55602,1459921473,FR,Paris,10-20;
bc231e1bb879a36bac791f4a94ece79aa8694bc9,1500302744,FR,Libourne,;
6539a2c940b17c73c07eea4098db279efa833b94,1507900623,FR,Paris,30-40;
69f530ac62b88fe241bf7e147393f1040827bee6,1507897958,FR,Izon,;
eba81960fd5e8de7f7a75aca47cf188684874b27,1451499817,FR,Paris,20-30;
c65dedadc26976c08fdfebfeaaa0f3a27043868b,1496170802,FR,Maintenon,20-30;
ca1ac37c537be0e9c856acf92c19d1dd685c76ed,1490547391,FR,Angers,20-30;
7143183f639d17495fde9f959a6dcb44c865a87f,1504095187,FR,Btiment B,;
d5d29ad3700d1ca55de325053fbf9ab828113c19,1497428045,FR,Ricaud,;
4d58845497c5b353715f454d2ba96aa0902c2a0e,1507900169,FR,Le Cannet,;
5b644035ebc4bee17540af1d67232c7c693e0d45,1507893743,FR,Villepinte,30-40;
7881a632802b4a55e1c54a15d109b830cc0a29f2,1491818429,FR,Mayenne,30-40;
cb999df4935f6f464f8ecec78af34413bc2c61f3,1326837600,FR,St Clment Les Places,;
daf1c2338fbfb6fb3901f964f307bd5421af56a4,1498743705,FR,Manosque,30-40;
d41c6f5768ba3fff9db7f7ad18079125e33c776d,1372104000,FR,Chasselay,;
9db26454f4ddbbbe5da97623547c02e6c7dd6040,1484580417,FR,Paris,20-30;
ba0d993abba77a6463dbdc34155523984164e17b,1507752686,FR,Belfort,20-30;
47ab716b33e394ff3f0ce1d10022cd429c125b7b,1480426178,FR,Yvignac La Tour,;
f4e2a1d6fa6bd84f53ea10a7628d2ba6ec7f4c17,1507720042,FR,Mende,30-40;
6e14b4b4541fd7c687c1e5dd0db5da6a23cbf419,1486239980,FR,Merignac,20-30;
427bc187f19f0cd608c12a51519a2c0c90dfb96b,1507899318,FR,Paris,40-50;
dbb22b29080358eed43630ecd162adef3803959e,1476382631,FR,Rochefort Sur Mer,;
b3e52bf1308dcb7f3fc50e90f1a9455039c71ead,1507899248,FR,Dijon,30-40;
35bd7ed586d6360e1e34d40f37ba60fe8f37cee6,1507897264,FR,Brienne Sur Aisne,30-40;
b55642d3d0d6200b076da5968a0380740fd17565,1464606412,FR,Bonnieux,;
b988e9c6092fce3a7786e4e26deeaa2c838b04b8,1485625342,FR,Toulouse,10-20;
3ea23292712dda26a16cd22ee242acb8db6149b5,1507899038,FR,Thaims,20-30;
029305f4ee6a967a849158aab3356180265e21b1,1392328800,FR,La Membrolle Sur Lon,;
45f9b7394b92a1855e1aa299feed7030ee4121c6,1507899046,FR,Roubaix,20-30;
c91dc25df06a0f90a6b8c5ac16bb34928a33184b,1507898878,FR,Nice,30-40;
5537dc1ebb3d76d81992004d9f3628dfd16d5c5d,1496638408,FR,93600,20-30;
648a96a38c752682d550a9a0aa5b9bc87d3a58fa,1507898787,FR,Greoux Les Bains,20-30;
c12d482eca9fdcb742c6bde7c5633069640a9175,1480691560,FR,Strasbourg,20-30;
6772f7629bb7cf2ca22475f930276e121b8f10b7,1479548123,FR,Chantenay Saint Imbert,;
37260b58b6ed80710fed185039de5a49cd0992ce,1507898499,FR,Colombes,20-30;
21922d2a4ea9fee3dbea1cab64784d60efddf0b4,1507898295,FR,Vernouillet,;
b1faf579adbecb2cd1eb389b53490ba8b34adcfb,1507897860,FR,Sevran,;
5133c2ad17832d3ec5486d4d737650ef13690859,1457186901,FR,Marolles En Hurepoix,;
5d754b9fe87e414354a2b697888e592f7fa959a7,1505636825,FR,Saint Remy En Bouzemont,40-50;
bcda723248c6725ab7245b0f136ad74e07e01357,1477907131,FR,Aix En Provence,;
2de326ab675aa3af7b4e300f499ba2c767648c1b,1464764784,FR,Ivry-Sur-Seine,30-40;
fad9b99a23192fb5508ce786912eef0afd1d1e31,1507897533,BE,Bruxelles,30-40;
50a24ac5ef5f6e6d01ee393e9690cb992e3b0df5,1423173600,FR,Souchez,30-40;
7e0c9cb14f3b4354aaa800510790964c439b416d,1491570105,FR,Villeneuve La Guyard,30-40;
39df9aa90ddcb0b1a9d2a55e89581276d9844934,1440439200,GP,Baie-Mahault,30-40;
5d1e7beb048f19bf38c4abb752321f75b755fa98,1507896742,FR,Savigny Le Temple,40-50;
c13b6dfb8bd897d1dc80ecfa2104abe94d6af06b,1507897297,FR,Tenteling,30-40;
1e054c7ca7d8c1ca704c757fe04fb2c51a2c9410,1507897146,FR,Villiers Le Bel,20-30;
b10a5685daeb3938401b6a1028d9aa764c274120,1507896611,FR,Mauron,30-40;
9b4badc33c6d2d92926f1c89baf75b18e56a83bb,1372536000,FR,Les Lilas,;
fbcfae1eeaa3a946bd00054b943723a8f5a3d22d,1435600800,FR,La Seyne Sur Mer,;
d8a4012ec23874b2951a49fdc1ca4c9033d94b0e,1405800000,FR,Torreilles,;
ed7211ebeba0f61a3b0fbe7ba5cee934967c2fac,1420236000,FR,Tours,40-50;
47fb8bda39f8c44de12b94b1725825fd611e1baa,1440871200,FR,Roissy En France,20-30;
60fd51b074a7a9fbb488de30494f54a4f9b52df1,1504083537,FR,Tours,10-20;
19ccc0d775fe655ae0bb370522bed7fa1b8fced5,1469732437,FR,Maisons Alfort,30-40;
cdc71c37c49ecb456f89c06db6cf6d68afd443ce,1497886700,FR,Vendome,30-40;
b7a14b93b27be45a5f15e7fa8205319effc21265,1507896421,FR,Strasbourg,20-30;
f8cd0b2fab37e7100927381ab249feacccf4a310,1402509600,FR,Montreuil,40-50;
67b9d6f7974a8d396bfeb13c67b3766822fea45c,1444759200,FR,Paris,30-40;
93e247eb1a4f552be9c36b812e5f73fdbed630de,1467456484,FR,Onnaing,;
d56e60c5ecbb90b100473d6df8ab035bb60740bd,1507896055,FR,Monnieres,20-30;
7051e3422ff40c8edb16e5b82d9a4d4a7b99d0bc,1477401568,FR,Giberville,40-50;
a32d4e4a79f5c55c7a5cf73414be380366966887,1507896017,FR,Chemille,20-30;
ee79692368d9e1cbf7e2cdbccce47a97f2d74c01,1457726881,FR,Lestrem,30-40;
bfa8ca7ce58c13b5f3c8607f4aea5f0b7c8a5983,1507895915,FR,Crisenoy,20-30;
fc8ee31d584ef7172f13ec077f514988dca35a50,1507895861,FR,La Roche Sur Yon,10-20;
da5459587a89c5b05079ecb21437f0bffddd2942,1507895738,FR,Issy Les Moulineaux,20-30;
e9ab1ddef35be3d4b88d87316d58b7c250527d9d,1359838800,FR,Verneuil-Sur-Seine,40-50;
3e6fa3f439e91a39155f1aa257f0dacaca5de1a4,1501425846,FR,Habre Poche,30-40;
25be75e8de77334f6ddf5c3160776b6332253219,1507895619,FR,Thonon-Les-Bains,20-30;
cef4b4ba7e9dd17de45d04ce4c3482c0c4f76f68,1398794400,FR,Marly Le Roi,30-40;
58578bcd8fc807a50d3b915facc21c3d205ca83e,1416175200,FR,Ivry Sur Seine,30-40;
f699d926392b3b3bb6dfdb8343a55a9df09dd746,1490285771,FR,Deols,40-50;
5da29546c5f8d7542468ad284e8fa76f72043fe8,1507532021,FR,Peroy Les Gombries,30-40;
ab3b91c99607625bb62ea94247ace7ece213ae10,1506754729,FR,Morcenx,30-40;
aedbadeb1c7e59ed724135c1af1df58ec4010b66,1465399097,FR,Montmorot,40-50;
e0365c480d13916fda0ca26d307bf40cb01495b3,1507894905,FR,Wittisheim,40-50;
18711084917f4890736da6ccb0413d85ebf4c278,1507894999,FR,Bellegarde En Forez,;
802824a2dd66bd26c02a13fc1bd0f881d5f00349,1507894948,FR,Cabries,20-30;
b94d029150a7a072a7be17b16db5ecc5492491ca,1483090424,FR,Saint-Priest,;
92f5ff90dcebef664458e5373f76efeb2eedbddc,1493562976,FR,Paris,20-30;
bc884427b99f907d68efdc65353f20e909b183c4,1491886466,FR,Nimes,;
fd11e21cc4062ee3308b6b38cae79e03d07dda04,1496079901,FR,Gennevilliers,20-30;
7667f8a78ffea87e70075cca8ba5cca2f7097132,1393452000,FR,Plaisir,40-50;
1e31cc4d6168619f1be344a2e14a019631c99784,1507894465,FR,Quincieux,30-40;
76bb73abb580ee9e5142e56a12e0316decfc58d9,1507894629,FR,Ceron,;
3ca638cbba39f8678cec71942ce98c7f0b3c2eac,1507894566,FR,Marseille,40-50;
0570b32f40e93a4ca712ddc154ba517d3034a027,1477570088,FR,Bastia,;
a37f701abfc4960fadebb573775f52d74697cc48,1456060029,FR,Pldran,10-20;
f965ff1d9ebd4d5b4bbfa543fe598852c86b0ba4,1371844800,FR,Reims,40-50;
40c74a37d082acb1d5752560e81754b8a8c6840e,1502179834,FR,Pont De Cheruy,30-40;
b1d8ac715efe9586f4930ca3b3030651b3a11303,1507894404,FR,Vaulnaveys-Le-Haut,10-20;
22686c1719cc26d65060a0a9890c23d45ef255e4,1507892187,LB,Chiyah; Baabda,30-40
ae366ae9bfd2a55abe9047844045c8e4eb643096,1507890266,FR,Redon,30-40;
ff32ac8eb57e3f6f2bb59422ec7b7835bf9a9d04,1503770641,FR,Grenoble,20-30;
dd5f27c9a14926f5cab009b24a6e9ee29dabad9e,1507894113,FR,St Felix,;
8b9456746c85ac7857c4db1143c1986249c81f68,1507893169,FR,Brive La Gaillarde,40-50;
2a103ff9cfe0fc98ae6a4c319ac4d85e3a317e29,1450108747,FR,Roquefort Les Pins,40-50;
f1ce5bd811d5ee31ffdfccf82b80712be7dec1bc,1384380000,FR,Paris,30-40;
98ffd642626f885b2ffdfc76ae32877196331465,1507893985,FR,Paris,40-50;
b5779cf96fc66122d4c94b2292f3f96dafe5f7a9,1483975052,FR,Le Cannet Des Maures,10-20;
2dacb588997eb8a615cc3490871bd2e05990b090,1507893727,FR,Cormeilles En Parisis,30-40;
902dc071bdc8bc850c138aba848f6febc5398425,1507893640,FR,Paris,30-40;
6dfa65e51a59c9df8eae9d08fde67812dc2ccf45,1507893466,FR,Tournon /Rhone,;
ed3d454dde99dc3d1f6d5b1ee0a20bf009b0f0d4,1430510400,FR,Palaiseau,30-40;
36b6a73f3fa503bba11d36cf411e51e7c33973ca,1507893403,FR,Bourges,20-30;
85d786f9c13433fcd0d2d4d52f17ed4ee4a6a906,1507893392,FR,Doubs,20-30;
2e61a86157d29479a42459ccdd92bb05e4823d74,1505918799,FR,Paris,20-30;
8a756a15240f06043b4fa6a2248dd6f78a74eeea,1455555072,FR,Fontenay-Sous-Bois,;
97b44401146fbc37f43bdf0fad94b5649dc0612b,1507893254,FR,Vions,;
335b9a4fc52c21c895b8a9a5da0fd2dfb8603f02,1498309478,FR,Paris,20-30;
9fee238db47b06c82d0d1adf05ad1d28d04730f5,1493882343,FR,Survilliers,30-40;
476e75d35a6a6a5b97374149f1d284283b6ab493,1502724526,FR,Choisy Le Roi,30-40;
6801936902de08f19472aa95501b641a8f832462,1507892107,FR,Sn,;
143492ebe6e15cefd4f48d8c3a992d2ef35f32b7,1390773600,FR,Vannes,30-40;
8d7b12f1e908e446e12b428ad14843c5b89c491b,1397671200,FR,Bessey,30-40;
f190d8ebae63badc81e8f39d205342678d3b01b5,1489822887,FR,St Nazaire,;
74cb392ae45f209d948d7b05b190ff4123aa9b8a,1507892607,FR,Clermont Ferrand,40-50;
1260312dcc04b25c81dd5116f4bd4a125e8b9a80,1507892479,FR,Chemy,20-30;
0537db2a1ebb09ef3828736bddb14fb810ad56a5,1496992078,FR,Rennes,30-40;
e71fd02d3004fd81f6c3692dd4b2cdda21dfee4d,1447923504,FR,Nantes,10-20;
fbbb39d324afcbfaa8f5d547e61e6ac441858353,1408132800,FR,Moutiers Sur Le Lay,;
1cc32693b577769d6a49e79b5e0d9d3e4cf26358,1507891960,FR,Orgon,40-50;
f4e32916e95d0baf035a74c34fc454c63f617522,1498114015,FR,Soindres,;
fa8c65200ddc44d30809b8ccb10bd93b45c9a232,1456513136,FR,Arpajon,30-40;
f7dee07b4fd7867742c3fb4a9399b44ea703d2e7,1507891709,FR,Choisy Le Roi,30-40;
86677d702ee8ac60d7c5100564b19e097846a50d,1408298400,FR,Maisons Alfort,;
dd92d2f4e9b55bd123877d36bc68da3bc7ebab73,1507528034,FR,Lassay Sur Croisne,30-40;
fe58c7a955dce852901a74402007f7c2f95744b3,1507891558,FR,Strasbourg,20-30;
ddfddf3f993c2108707bab664c9cfab956c4af7d,1390424400,FR,Muntzenheim,40-50;
4537ec0a7a9ed3e406dc32de48b616f80be5875b,1453406716,FR,Oraison,10-20;
37ffc5a47e2087665c26f2ff28d7322bdd65c2b8,1507891506,FR,Angres,;
0f5f620a4e75c64a2ca48464971e1c2c90a1f156,1500980704,FR,Le Bernard,40-50;
9f810d2eda58c38ad1d88a3cf0a9dae810e7ad9f,1426197600,FR,Evreux,;
f3fe84d10af613056c88837b625fe34686e54a92,1507546122,FR,Beville Le Comte,;
c88fb645d1cd024b0c75b8db907c28e9f695531e,1444593600,FR,Lyon,20-30;
ee62194f0066b5be6d0fdb5fdfff739c9bde5c02,1507885234,FR,Limoges,;
9d9cc59112beb3d95f3f875db8b45414b8d2b063,1318190400,FR,Saint Etienne,30-40;
1d1bec4e34a1e84743eb09e77e47bdf20652f149,1443643200,FR,Lorient,30-40;
b1f62c5c2d6d62aabc4e4b7d18c22dbfc63a53d2,1465970979,FR,Plobsheim,30-40;
0c32a29e25a7333328779c58b09d7c38c9777ab4,1505065232,FR,Les Pieux,30-40;
bfdd6a38083344425df8ba3aa560fc28a7764e5e,1456173743,FR,Levallois Perret,10-20;
9e1570cbc3e8ad98bbe3b1f393bea16a47f0b404,1384207200,FR,Rennes,30-40;
68826925dcde5cb4590a88f98f66fac37a91ee68,1460612623,FR,Annay,20-30;
ec767486db50b56aac4862d225d40d6a7a702a30,1500286715,FR,Garons,;
9622d40585f97a51c563fb5d30397de8973499ea,1409680800,FR,Puteaux,;
277f11487e1f21e4be130f18eab1623cdcbefc2c,1444593600,DK,Valby,;
6fb8f079a21471cd4b00b9f0dbd892a1b84db8f7,1475222040,FR,Freyming-Merlebach,;
e688ad69667717f19f86fcb9e32299989e198e73,1433793600,FR,Paris,30-40;
3271ab1a0dda98cd110efe1524c02e0f5500fc58,1501491121,FR,Marseille,30-40;
1cc49890b21b543ad3752fba167321b236070bf3,1507889798,FR,Les Mureaux,40-50;
4055fc5bfa4bf43451afce230704eca5bab8b74d,1463147517,FR,Paris,;
b2baab997e68efa99a36a567fac14e574cd99723,1458026151,FR,Chilly Mazarin,40-50;
dcc5734ee117fcd587bc22d7b3bb536a9563916a,1430935200,FR,Draguignan,30-40;
54222e19a002cafa019e12fcf308ad927c37cec3,1507812200,FR,Blois,20-30;
8004df665bd6665c50a78a5099bb166445a5d7d7,1507889634,FR,Marly Le Roi,;
580493116e8f7b443089926a30269ad8ee2d99ab,1507889360,FR,Auch,40-50;
f2001bdd71e3f22be4738df4a965a8b89c85f47e,1430856000,BE,Stembert,;
960dbe8650b09054bbb2012a55dc03b806504e75,1502218891,FR,Maizieres Les Metz,;
a35c9fdea0997801e03b5f4f1f734f25dad6f6db,1507889107,FR,Lansargues,40-50;
c48c970c1d4c049609df1ebf9269b4dbba028189,1507889254,FR,Colomiers,;
ccede59645cb3dc0fbf60ddabaa853e8da9f15d3,1506621704,FR,Besanon,20-30;
ac8cb2f30f2576fb841f30a0a8d7abc16733dd70,1495080566,FR,Marseille,;
93db6599a6559713e1888b53db389929571d920a,1346616000,FR,Sarreinsming,;
b80784c9c000e8edd0f0f4a278fff38f98eef41b,1488194419,FR,Miserieux,30-40;
af356e1b72760aa3c9e4d151a595842672094e81,1459800442,FR,Reignac Sur Indre,30-40;
0df07bf65ac2009214bcd3ec315b3686c16b17a3,1507706273,FR,Quimper,30-40;
ff3c9eb4acc27032c3f288a6e828453acef39f0d,1437768000,FR,Herouville St Clair,30-40;
397fb721046996803ba2150029438bd274931191,1507888325,FR,Vert Toulon,10-20;
62a3e8e8bdd8ef00dff42f0bfb2a70395417a487,1507888274,FR,Saint Malo,;
40b019a3a222ec8995d9999d93ec071a3bab120b,1318881600,FR,La Longueville,20-30;
23abaee91c8c10fdb277d9577b5f72a1b1f1ee7c,1488113520,FR,Marseille,;
6a3218bfc19adfe955eba3d6466c81ccaf562b8a,1482921642,BE,Bruxelles,10-20;
7846fea1263e9bf4b3cba0cde37c796e9538208c,1507888075,FR,Paris,;
47b14df156d3a57e8314b1fae33f0f842d67e45c,1507887679,FR,Oyonnax,30-40;
46247185338d1c5f451612e9e8f65402de3a46d5,1507887884,FR,Aubagne,30-40;
19b4dd30ee75b463a51953a0d9e39f790648117d,1505971688,FR,La Farlede,30-40;
7bebfa2f919e217320bc3dc5f2add97031fc3e1e,1507887762,FR,Saint Thegonnec,40-50;
a58be8ec22029530ebb91fa4f10b25f17ee8e493,1507887491,FR,Paris,40-50;
5645c78770114e4919952bc3ee7504da3853fb0c,1507886502,FR,Grenay,40-50;
f19a812bc1f42815d7be395be709559e33185292,1396202400,FR,Paris,;
90eaceb9bfc399a04bd91286619c5b086447eb67,1421359200,DE,Bruchsal,;
a0a65d999c7aedf356cd9d3dfea271935b71f80a,1507887224,FR,Marac,40-50;
ca06594bb786660eef721f578b514b3052438a82,1424124000,FR,Chalon Sur Saone,30-40;
119c6966a055ad3a9544e8532c34fa4fdd7ad995,1434477600,FR,Oysonville,;
8974d2af4c83e37efd3e32675c9e7ca21c909b2a,1422136800,FR,Palaiseau,;
5d1ca2cd45a511e6e27aa552d29a3eabd540edc9,1507886938,FR,Nemours,20-30;
208ffaf21114814c7f0f23c0af0747e4de20dc05,1494349450,FR,Cambrai,30-40;
b5cf2cd3839a68167656574e31beae1646c5ef26,1494104815,FR,Paris,;
b872722bd275a8c19ef5dc359389b9d863a77dc3,1507886860,FR,Calvi,;
179f3bebe06cca3dc778ae5c41d5223bd8ae79d9,1491816038,FR,Paris,20-30;
f5406b63a43750853457cbfdfe68ce8aa71a2c1e,1489163860,FR,Auriol,;
16c5e30953601ce6761bf2a157d055dfc95cf25a,1477388264,FR,Enghien Les Bains,10-20;
6875c072e53d7a8843d52ae601627ddaba6481ab,1504699927,FR,Ivry Sur Seine,20-30;
c22185e20f170ba209e581a38829086bd25eb3e5,1481013541,PT,Vila Franca De Xira,30-40;
d37b1ba2ce6b4fac528afc6bf59c58ffc9e956b0,1507886402,FR,Saulxures Les Nancy,;
805e02d90afca84a4298e17ab90183f5047859d9,1507886330,FR,Fontaine Les Dijon,;
b233ff80d7091c637873d365da49c22fec348e38,1507886289,FR,Braine,30-40;
40c28a97d174d5457a6b2c2a6809ceed173ce457,1498132217,FR,Paris,40-50;
a8b89fd0ad81db88ee75fcf32c50806b32794819,1485446878,FR,Saint Ouen,;
eef4b56e0518e792d8fc4dd94a1cfb27dffc3b53,1507885804,FR,Angers,20-30;
79c2f0542c06c57fabd869e51090c2b8847cebea,1507836792,FR,Annot,40-50;
58d55876e901ac0ecd60fe9636596a5219c1d59f,1488620014,FR,Mugron,30-40;
40e2bbc83d11d84267037c284091629d6c4a0d14,1507142459,FR,La Teste De Buch,;
019755473136d00762aeb23556b074fa59a1191f,1507629114,FR,Paris,30-40;
3eed2488352e903322db785b73a9414d640e7115,1505985256,FR,Bois Colombes,30-40;
cc35b91ddca5f7ecbbe41992666fd65cc2a8f3f0,1479647480,FR,Valence,30-40;
6383b5e34c548aa2f892c60b340ef05a38b2ff7c,1488210048,FR,Gaillard,30-40;
f409a1b3e30d5bcb0cac9d3bb8fd7c9cf07bd7d5,1507885304,FR,Perigne,20-30;
7f123ef27198576854140b6b70b9f37608928a1d,1464082552,FR,Paris,30-40;
90b9edb2d4c5fdf92a4493ead2f76204d3213b6e,1507885257,FR,Pierre -Bnite,30-40;
307cc0aa47fd9b3a69303a63b2794701b89124c2,1507885253,FR,Plaisir,;
d34c28750f6ea04146f1adf0c466c348d8a08018,1412193600,FR,Argenteuil,40-50;
7477c920b50d40916f858364e5edaa0c1473defa,1507884776,FR,Canteleu,30-40;
98d0b1c22b478e70c13eb9da272c6c16011b0c43,1464758941,FR,Saint-Leu-La-Foret,40-50;
a46c0499e56d492896f822bb59f9be1b8ae0304b,1507884465,FR,Dville Les Rouen,;
f1367d72a12ea5eaf5f2798b688a5bbd63477cff,1507462583,FR,Lizy Sur Ourcq,20-30;
0c3655230421be6d7d30309c48f9b1a30b58bdfd,1501905727,FR,Sallanches,30-40;
6453c321e96e4c3d95e5bffb995932a84c1ebe2c,1499084956,FR,Pommerval,30-40;
4a1b4466ba9f3d1cb047835b6360af0a60f61450,1495351641,FR,Aulnoye Aymeries,40-50;
1180e20cf1c69f8b9bd13273d496de9a7909f646,1507440204,FR,51000 - Chalons En Champagne,30-40;
137cb3a52e8d411a0c135824e2359ade35e0592f,1368648000,FR,Boulogne Billancourt,;
7d8aec80636d280ed220bca1da2d40083da3273e,1507883857,FR,Sarcelle Sur,20-30;
1b367b0c904496a38781d81b5ea413a94bc90636,1507883857,FR,Michelbach-Le-Haut,20-30;
b7bb3204f84fc7faea8c1c75c861fdb6aa87ca75,1445104800,FR,Paris,;
56993a5f1e133f6af489e648215a9e09c92d4f54,1493706498,FR,Lodeve,30-40;
796611db74626e88d13ac9615a421a5518f9d153,1378670400,FR,Aire Sur L Adour,;
e95a077fe7e345cbd9a6b3e3367688cceb4365c9,1501231806,FR,Guerande,30-40;
b3a52df7f331ea68ec784e199d628b33955411d4,1507716992,FR,Villeurbanne,30-40;
ac71bf63211da4a25bbf1134d3c537ac2b410519,1507883525,FR,Merignac,;
866dee2cb065cee0918ba066abf6b9f07ef9f9eb,1507883440,FR,Eysines,20-30;
4df5e74ee46827c6890ff35087d70f2d7e6a8b7e,1432576800,FR,Tassin La Demi Lune,30-40;
4cfccf1665e87b9438053cd0c0e58e7643a97c0a,1444852800,FR,Paris,20-30;
274890d0dc568d3da8a00c98abdf21621824d1b3,1473763716,FR,Caudrot,;
e955cf1212c67eefb2a99ccc6ce1cef8d1e8a96c,1507883302,FR,Saint Gingolph,30-40;
81ddf3a2d5c0046c222ccb6266af2c36a82d515c,1493901285,FR,Laure Minervois,30-40;
35085ac2b1e2981a17177e9124a6cc25877f1033,1466934861,FR,Quincy Sous Senart,10-20;
9daed0fd9548d0c2c85ed563732b726f81ff75d4,1431115200,FR,Lille,20-30;
99211675ce9d13ae7db29f1bf91f5911ffd4513a,1505810018,FR,Paris,20-30;
2336d4532ea7f29087fd3d3897a6cc5768b72d28,1462355028,FR,Larressingle,;
f315a5b2522e0d00435277ac51c1cf337f322dd6,1486484618,FR,Rennes,;
0468f119431ecc38d3d7db378e8e42adc240f0e0,1507882523,BE,Wezembeek-Oppem,30-40;
11f53104ba1c9d74e503696274d090c51758a7b3,1507882512,FR,Chanteloup En Brie,30-40;
23f4c414abbd97e48570e7951146c84190c7a020,1360188000,FR,Roquebrune Cap Martin,;
e60284088bfe91dcc2379b760dfbbe03e4f85e75,1496861954,FR,Dammartin-En-Goele,30-40;
797f99238fe6baa2ac42b2262938d2ccf628fa21,1498447190,FR,Seichamps,40-50;
87094770c613c2088891e30fdc7631bffa73b725,1368561600,FR,Aulnoye Aymeries,;
c51d3df946c1bc1531cf75deb4c9d4aa51d8567a,1507882317,FR,Fletre,20-30;
009d7519132596c4212a627b2846f9dfaf588916,1507882287,FR,Paris,30-40;
cc31bf1de0ddcc4cd0f990fab7ab7c149e16c0da,1496767468,FR,Cannes La Bocca,30-40;
f28c88d07e9789394825e18897ec82c5d9cd4c4e,1507881859,FR,Haguenau,20-30;
bce2d0d3e38fc53ce8622405bf425c7d019ecd85,1494262549,FR,Longjumeau,20-30;
3173bc68e659b6c0b11d3e9b805560b221c01b9a,1507881800,FR,Telgruc Sur Mer,;
83c8218d7edf76c163244b82c5e020b8473b3daa,1507138403,FR,Arcizac-Ez-Angles,30-40;
fb0225a1c7bf636336af57fada19bd2a0c2e54cd,1497723486,FR,Bordeaux,20-30;
93b428f03524f1e9a02459f20aa51091f7783f38,1374609600,FR,Le Bailleul,30-40;
f617842810cd77fcfe2f236ada3904f48d4c0163,1499706437,FR,Mezzavia,30-40;
449b896cec636eff417c92f8a21ebf6c10df334e,1501681605,FR,Saint-Trivier-Sur-Moignans,;
545044018147e693f9ee0bddf5f0e737b5a81ac0,1507879436,FR,Libourne,;
02223c4eb27ebd107e74464008192f3dcfb3378a,1507880813,FR,Argenlieu,20-30;
369d4f084509a3fd92e43cd6922374da5daab659,1507350695,FR,Chatillon,;
2f52a14f9ea589fb428c848f2e8370984664266f,1507880716,FR,Anglette,;
4951617c0839ad440d4181bd6b2f04c4ea447198,1431806400,FR,Fleurance,40-50;
691573681405a7ceb574afb73962a9ce9d8e45b3,1502457483,FR,Paris,20-30;
0217c16f7a00e9e62402b071fe921072d7792d3a,1498988074,FR,Bussy Les Daours,20-30;
c596d8b6a11aaf678c36619c1871602a1439d425,1381694400,FR,Cormeilles En Parisis,30-40;
2bddd2cbd583de975ce91c69218681d730602c2a,1507442277,FR,Brue-Auriac,;
041490e2e215c958730631f7cda86261c78e774a,1507880309,FR,Pont Pean,30-40;
3a56c712dbc333786b5077b3b1344124d5c87bd0,1507655985,FR,Savigny Sur Orge,40-50;
ab3653537c91cca1d826640006f60526498729ed,1507880257,FR,Hem,40-50;
453f9c17895d545d4743f50cd27266804547f4e7,1507880140,FR,Le Havre,;
35433470837494b0c3903b5175de7f328cc2d5d1,1435428000,FR,Montferrier Sur Lez,;
f9d2cf0c3dd33278269e9e63cd58e47d5fe0dd14,1507880092,FR,Svres,30-40;
735ab216ce1d428854a82bb0c49182e5487a02cd,1394485200,FR,Guerville,;
235ea80b74559c2f62d0b11776f8cbf88f589358,1485172995,FR,91140 - Villebon Sur Yvette,;
77a37558bb990861d73eb448b6d1bbe8b9e9a76d,1479836635,FR,Sainte Livrade Sur Lot,10-20;
66090fabdc121528c3e32140c9dc2f8e6acdac77,1474026968,FR,Tourcoing,;
0d8a6737b34738b03b89d2af93ee4eb567e6ed75,1469464040,FR,Seichamps,;
a59640743f7ec959de8e723f6c2a33ed0002170a,1427997600,FR,Chantilly,20-30;
7dd02ed780e85969f3acbc69341f9eaa6e26264e,1478269294,FR,Viroflay,;
283c6b71cc3c672c7382be79f2060c753b48d137,1507879979,FR,Grenoble,20-30;
d2ff4ecd9a76a81d497a77b7d3baf748ec9b6fba,1507879245,FR,Cachan,30-40;
809bebdbd87c997e6a7747c59d2bb7662e63befe,1377806400,FR,Nogent-Sur-Marne,;
af996e2508e1ba53b452f573c0b2133a85e4e444,1507879920,FR,Bandol,;
a2ec8fa400feba01cd2356107037873210d9829d,1493652144,FR,Boulogne Billancourt,20-30;
234699e04a96cab8b2eca0224a39b14d12fc43ec,1507879437,FR,Colombes,20-30;
d0b14dc3dc4c7eeb86e41f7ba75d42675b8d9b4e,1399838400,FR,Artigues Pres Bordeaux,;
e2aab784a220fab28759872b5e76533d597286ca,1504771474,FR,Paris,;
98af516b36c9b27adebe2ed687c8d201910e90df,1507879683,FR,Villennes Sur Seine,40-50;
6fcd4d16c89b197a5d106a1594d43af740ab868a,1507879376,FR,Avesnes Les Aubert,20-30;
8fd48f8c7ea00f2da578c4101c2aabb6762bcdd4,1507800227,FR,Vieux Cond,10-20;
12b7fca77096ee116e4b4601b02d56b71c517be3,1507879586,FR,02800 - La Fere,40-50;
f27351e4c5c2f1d26113feaf350a78fe18f72aad,1507879517,FR,Agny,30-40;
41670bf83614cf59afa6d7f5413b650d10644f66,1482225916,FR,Orleans,20-30;
95bfb43bf9e036706844ddbb6fa8ac1680c61cf7,1507879390,FR,Marseille,20-30;
1c292ab536321f635a460dbc2a2dcac07e8384f2,1499164159,FR,Lyon,10-20;
fe5b1ade78b9f5112cd35e4fa505fc10398923c9,1368302400,FR,Villennes Sur Seine,;
9a64b5c8a3d1a71c69227706450a403d26eaa85f,1452522742,FR,Mende,30-40;
0fae8a82e1b96063c16814de2b1e6197d6a37e92,1503058089,FR,St Cloud,40-50;
781beabf0272030840ec55f1d0efbeab1a75b149,1494997812,FR,Salles,30-40;
6cf7db5b17e185285f556116ef1ae3f5a928e582,1445961417,FR,Merignac,;
653ad07d00bb92eda0f132181d235656a7ecf8fa,1476275186,DE,Frankfurt Am Main,40-50;
a467c0a47503a3f976264e498a7f25ef54627373,1507879044,FR,Marchiennes,;
3ecca805ea68e33308765b3afdec6d65dda206d2,1507879028,FR,Morbecque,;
27067b92c85350abfa90559d9913727241031fd8,1507878915,FR,Marolles,;
8934f09d562639760737fa9cc46a3f823c1d1bac,1507830067,FR,Colombes,20-30;
3bf2d681250fb2b0d2fa20c98bd3793a01cbf99b,1475309588,FR,Grenoble,20-30;
6eda8f6085a2b9be241beaacc27a79f705879501,1507878878,FR,Bergues,30-40;
933cc2d50cd879c18728509fe54d8d2c5cdab495,1491887619,FR,Les Villettes,;
8840e6bd94feb132e5a244d42580902a42927630,1497458087,FR,Paris,20-30;
084a6a98392091029d085cac7a79aff8b3b03ed0,1507709797,FR,Roquefort Les Pins,30-40;
08fe6a027d9e4ab9ac16ab15194a4b562467dd50,1479902706,FR,Boulogne Billancourt,30-40;
e81705d23dd70d131bce1a1740f9c389b495165d,1321999200,FR,Segre,30-40;
7308378e01bb5f7a69d66b37fcfd9240b9d7ca6a,1507878499,FR,Le Faou,;
8e65a5a4e7285829dceb2f539648c26ffd88eadc,1412020800,FR,Parassy,;
b3c9b0c5536de61618a6dcf7f32ceda9c671c34d,1338832800,FR,Chatillon,30-40;
8bb7bcd3cfb8f367257c6d71533096fa710a4c50,1507878470,FR,Pont De Ruan,30-40;
189b5ca06cc8e91ce38f12d4731bf9a1ccdd34a0,1507878468,FR,Croissy Sur Seine,;
2ee4c840761299771ef6f72e40c1d53dc757117e,1507878460,FR,Chevigny St Sauveur,30-40;
9008653a0fc4efaa9038f0c796ef9156333d52aa,1483446817,FR,Sevres,;
ea1402f1e8c8fe93f2d1425a97f7803f99b95b89,1507878307,FR,Groux Les Bains,30-40;
bd7c4be0c63fb18e3e25ea0f0b27aba4a1e6e6ab,1502561431,FR,La Valette Du Var,30-40;
f23b8eccce666e3bcd6a08f7ec3ee3ed5608d158,1384030800,FR,Royan,;
e53f86c6bd30f82b00e5f940795269781a41b1f2,1507877517,FR,Cachan,20-30;
b2a4cf35c25a09d94a78f79325bc81ab6844e24f,1507878080,FR,Le Raincy,30-40;
fbf293fdd501ff05f4975423f40aea410f97311e,1501437001,FR,Le Rheu,20-30;
ddc7c33f39953f01e72447769e2bc0c11b6f2fdc,1293570000,FR,Saux Et Pomarde,30-40;
d923840e16bde4be8bd53fdb8645603491975583,1387918800,FR,Vaulnaveys Le Haut,;
ded60af78f4d00ad333e9cc1512d0735b202d227,1507877826,FR,Saint-Cloud,30-40;
0972def3eb10355cb273625fa3b13531b186fbee,1507877731,FR,Paris,30-40;
947903af58a9448bbf33639d0df33bdbfb8163e1,1458754033,FR,Sambin,;
6ad08793057076cae7d83dbaaa9a2bd1b118793e,1465581268,FR,Saone,20-30;
ebaacf4c3a463cc32c901a3f08a9545306af0a34,1507877323,FR,Montbliard,20-30;
a3e0ccd132e214086b2c93d0e2197fd8a20a7c18,1507877219,FR,Le Mans,;
95aed61186c7cf059eeabb00cb888fee2a451f4b,1507877084,FR,Schoenau,;
3d19f10f3b92523c7974df6f24731cb21cae4f25,1377799200,FR,Branne,;
d39edb63a4d6e4eb1e658c0cf1de5c8f0c2ddf07,1507874572,FR,Dgrhs,20-30;
babed70fd67f854ecf621bb122f31557e11f11ca,1456421092,FR,Beauvais,10-20;
af879c8c0ed1231d792cf64fe08c860ed799e746,1507876760,FR,Conches En Ouche,20-30;
c3584b3bbfb7885d99c856121ac17670af17d69d,1507876679,FR,Paris,;
548500a1646d5d41638d826b70692a9a8090f649,1507876639,FR,Saint Aignan De Grandlieu,30-40;
03cccc6b5e994da1a3a7d70f457fbbee480d4176,1503017606,FR,Roissy En France,20-30;
4f418676e15c8b36c20590db684875ccf87d8365,1368295200,FR,La Roche Sur Yon,40-50;
ad408e15d97478fdc4558b76861946a189cc9844,1502298506,BE,Warquignies,30-40;
249dc07fcc98d5c4343f0e3da13a29b5fd47ffa6,1507876353,FR,Saint Jean De Soudain,40-50;
3cd73d554e8774574bb0e1d2389a91e15b636a2a,1507874069,FR,Toulon,;
c5c1c41c6e3e9f912408e0372fd71c266cb006d0,1400616000,FR,Montigny Le Bretonneux,20-30;
12a1f09ba1722474cf17fad9b88276b611919e6b,1499405127,FR,Villette Sur Ain,;
41668c6f7d602e4c3349bafe8e40c9b1449549b4,1380657600,FR,Saulxures Les Vannes,20-30;
0879863f84ee94ba25470aafff0d64fb6c5fe340,1451888794,FR,Bellefontaine,10-20;
272c9a0a9a348800d392d4412a331ea07b026bde,1506017380,FR,Paris,10-20;
1d573105057eb225240c2b4a9307a8bb0553207f,1507875885,FR,Pont-L'Abbe,;
e3f28c1944f4fb8ded57cefe46b2e12a6a1f1f37,1483049984,FR,Schoenau,;
2076a8268b540ebbb72ace17e1a6063f13934aae,1507229127,FR,Rougemontiers,30-40;
e55bd8785490c058b20f4123137d578a55b35b31,1496426581,FR,Belarga,20-30;
ed59a4eae235ee7a53c6cf12c7f92a98fb54614e,1488877741,BE,Antwerpen,20-30;
46a5a6e0cc3f0d3aa2fdc907e009a2f5048bd051,1504674849,FR,Saint Martin Bellevue,;
6e53ba39612db6b62a5d54525de7010918f3e73d,1507875555,FR,Paris,;
46458a9e0d365c71266e56190f362fc768bf70e2,1419022800,FR,Douai,;
bbb1c158967e874a4d9c7f4e58ee124be1a3bf87,1460226602,FR,Pessac,20-30;
67e394d01bb1a2169c753b22eb8928218f138e7e,1454591108,FR,Belfort,30-40;
dc8fb09015e61da9b3b5a663823fff747fedd043,1506712824,FR,Grenoble,20-30;
9da6f2a3fb73b3fe7cc82c2e05f19f38bb299045,1507616426,FR,Piace,30-40;
0ace380ed5be09d561f66860297cb197f47153ad,1433613600,FR,Pontault Combault,;
aa3109cbe8fce75ad991d773c75bf60b0b33e5a6,1475311745,FR,Grenoble,10-20;
e9056f36b168c0733719bc91d58edb7a993a11a3,1507800997,FR,Lourdes,40-50;
20b2899c90f82e67349d21910babbd0caca2996e,1408557600,FR,Seranvillers Forenville,40-50;
08445acedfdb820e91286d40249b66f597ac6015,1397671200,FR,Gradignan,;
f809a0a3bfa963b85076031fde7156a09e537a99,1408384800,FR,Lyon,30-40;
c507c83397b5f1231566d06fe50fcb57294b33f1,1507874687,FR,Aulnay Sous Bois,30-40;
1bf2e3a37422c0d1baa3233251cf095d6a3c3d7c,1507874661,BE,Gembloux,20-30;
0078a1a18a8022aa357ab5cdb6560e9b9bb945a7,1507874627,FR,Antibes,30-40;
efffe010aa4b6a5f123573f5c2aa57ce6d5f23f3,1507806766,FR,Marseille,20-30;
efb8a5739ba60f941e146c413ffb46c608a83b52,1323986400,FR,Notre Dame De Monts,;
e3001d676286ca0fbd67a0c40ce5bdd79f790331,1416258000,FR,Geispitzen,;
221bbbfc9f5362894c82ba0d11537cd56636cc3d,1316030400,FR,Breuillet,;
a66371e6e17d706fc6c9db4384756e7b0b274ad3,1371405600,FR,Mery-Corbon,;
b6d7b8e0c7ee6ecd35fd86a49156395288fc705d,1482493797,FR,Belleroche,;
0419f8f9d8a0b02cc6590d54f695278a1a61fc95,1487843412,FR,Asnieres-Sur-Seine,40-50;
663fb878480d83d61be34189dbc04cb1b834513d,1507874228,FR,Rognes,;
67f972901ad618923036feeb6598f4e32c12a73b,1477513186,FR,Montesson,40-50;
bf07f2371ddd38c75aa1d5ec4747a8df9fe8b678,1507873131,FR,Puylaroque,20-30;
b39ead46d758348e27d59a00c526b136b0f22c02,1436983200,FR,Saint Martin De Crau,;
62c79ef8c46fba13ae137901ac2aa5626edb6e9f,1507873866,FR,Sartrouville,30-40;
a147b5edf90714c3dc18c30c31db5593eb7e0862,1472012820,FR,Bouvigny Boyeffles,30-40;
fd72b6a9db6259f6b61b369b49a4c8775465dcc8,1503739079,FR,Caen,40-50;
13efdaee875309af2142956b91f39b83fd022c0c,1506436653,FR,Montrond Les Bains,30-40;
47551c9607b98bf0f0bec1953d2be0d44108ad79,1421701200,FR,Charnay Les Macon,;
0d8840c56cbf74f00db0715f24832cd044552fe6,1457638848,FR,Poisy,;
9e08c59d34f64d71072dc7cb5f99f9e6c6491d2a,1381435200,FR,Seillans,;
c4ff61af76853753feefda8d847038ec4d89fd4f,1396807200,FR,Gagny,;
176c16424a5d2dfb57593a62c4ac2cf229c022c0,1472205161,FR,Nantes,20-30;
567520d058473e15bf1ff2ede2f4211b87897a84,1507873218,FR,Creully Sur Seulles,20-30;
5bb43787fbbda603b8670c9f3cba6aa55bcc14b9,1454756723,FR,Tourcoing,20-30;
717fee439df2d578d669878cc734c41abbe0b2c3,1507873083,FR,Illfurth,40-50;
409dd62f052c549aa909dcde290508a6b2863c57,1482859721,FR,Avignon,;
29460e6b8b1d30a78fd38cca394d5a3c426b8d91,1496590777,FR,Fontenay Sous Bois,40-50;
3ddae10b656630b45d8cc60dfe4ef712fe05d63b,1403632800,FR,Besse Sur Issole,40-50;
04d89a54adb800a3ae3f8b903442af51831ca342,1368554400,FR,St Denis De Pile,;
408c6ba00ce7ef754d94b6b655dc8050ce96c224,1507872938,FR,Feyzin,30-40;
6862abe55a21688a0b664134541c12e84b88ecac,1507872933,FR,Saint-Gilles,30-40;
b000c367a96e4eee9aaf26c5cae38b6e31003cc3,1507872925,FR,Aubagne,;
54f556b67ae0e1bc29419cb51c1d30aa790637f0,1465371017,FR,Illfurth,40-50;
fb8a9657a99eb74dc1caf1c68c33142f0b3ba8d4,1507872865,FR,Bordeaux,;
6bb072f8f81088b9569c99563edc309141139ef3,1498010392,DE,Bruchkoebel,10-20;
40315b38ab525a8abd9d5e5d3eb313519ce05369,1507872605,FR,Izeaux,;
4c8f76e0b439d60bcfeab9f8bc9ce498f600fbcf,1507872535,FR,Paris,20-30;
036f72034d2301144a50888aa08cd75c4adfe94d,1427320800,FR,Paris,30-40;
0094ec7ab4d90793b10a319b1728bcaa9a59829c,1507872378,FR,Mions,30-40;
8d918109ea4f104430cd18519a0ba2c3edcf5c29,1507842014,FR,Basse Sur Le Rupt,;
6ad9bff1b2ca4f67885c2872afb068e06565ccf1,1376424000,FR,Clamart,20-30;
2b0e777c741777631f6035ebade881d9082375f3,1478672932,FR,Nice,40-50;
bceb1df1518c9c76a492f25b88e88f6cef11d13c,1481565034,FR,Caluire,40-50;
d5ea64fc02a3d82ce2d3750b95bec78c3f29efba,1507872174,FR,Sabl-Sur-Sarthe,20-30;
f3c820f604d0263e6598709c424a62c877c5bf69,1412798400,BE,Genval,40-50;
bf03425966abe0659ac0b17daafd590b4d31b202,1495169199,FR,Vitry Sur Seine,;
8fea9053715913244fee394f80d8bc23c819c1be,1507871911,FR,Billy Sur Aisne,40-50;
4be5271ff0a6e97f47d3d877da0b207eead09c3e,1507712534,FR,Saulchery,;
5311246e95d0c1b451f086dbeb55afd364d94d17,1410717600,FR,Oullins,40-50;
a462b5a3dcbf9d0cc6a4c7616ab4ab2485d155c1,1480278703,FR,St Julien,40-50;
4b90bbcfcb3818b3a95f913e85f29586bd983141,1507871428,FR,Lodeve,40-50;
19c948e17b6ba4356a839b23557d76835f11c54d,1498813009,FR,Font Romeu,20-30;
db0c7ba1fda80922e64145b15d4075e067166dd3,1507871316,FR,Bessancourt,20-30;
fc6e33d5c3fe6618ce2df8e96406830758a96aec,1485703032,FR,Paris,;
9c2c22085f3c892aa81641a5c86f4aefd9f91e34,1507871032,FR,Lezignan-Corbieres,20-30;
b853d2be4957cbfa4bfd1c7e04dff03de7f142eb,1383944400,FR,Saint Gildas De Rhuys,40-50;
376080c1f89426f669bc12623fd3ef684ba8dff4,1507869990,FR,Bouffemont,30-40;
fbb865880f88bf633ee09437a9728f8c1e47d3a5,1499413613,FR,Aix-Noulette,30-40;
8b3462d4c376971bdeae040b5bf928afcb83271f,1451364899,FR,Grenoble,10-20;
ee2ee45a8cd3d3cc7aa964029ab3e4f9a5f0ef41,1507870565,FR,Bron,;
bbfc496bf6fb568e27aa72c9f03334ddae5ee499,1454258049,FR,Nice,40-50;
87ffb10d27751e1ec6bf5fc8b125a36ecc5f3aa9,1464759960,BE,Hannut,;
7070f6e2b8235a42900eb75189d28222b40a283d,1458412064,FR,Compiegne,30-40;
f876ab777f52a579cfa10812e8cf83912657ad5c,1500876945,FR,Senlis Le Sec,30-40;
707bd3fe8aec07125c98408047f822b5df007806,1394917200,FR,Bouzies,;
6310993a11c5b80beef8d637954db75f76b8d62c,1507869747,PT,Porto,20-30;
5d3bd85a19a539f2a6c183ac8235613b7dba0b7a,1505237550,FR,Caen,30-40;
f0a06ef762275ebc2fac5510d10d3742636e0bbb,1507869459,FR,Gravigny,;
c6ae886b52675ca227119dcbb9fda263a760e1bf,1465346582,FR,Paris,30-40;
053aee229700860df12f75c739aba60da3efd586,1507869585,FR,Blanquefort,30-40;
d66b76359f38481be5d18e22774f112ad6edb540,1507715883,FR,Puteaux,20-30;
3f1e5aab82182c9406cb83acc63273dea89f30da,1379534400,FR,Lyon,40-50;
cab842a29925448e097c8891c3431309c4074fb6,1507869093,FR,Montpellier,20-30;
8b4e79d96f1407292ca7cbc2edbc07d6e3880777,1488966067,FR,Steenvoorde,30-40;
853603ab422a27dcb04079eeb94313f04a7d14ea,1397160000,FR,Vic En Bigorre,;
2f71db61f1f613c313c20df5cf3f64a78365437e,1487596646,FR,Amiens,;
4253bdfe4a22fff08b3f4461cda2bff9f5306abb,1466364301,FR,Saint-Maurice,30-40;
12e9dadfcc2d1bf2f27f8a1679e1293275793953,1507868563,FR,St Peray,30-40;
f70e8f99fde670103a34a4617421d8b577043596,1486801085,FR,Parne Sur Roc,;
ced35fde396116bf6b1289b593dd6131a8f33bd5,1421096400,FR,Conchil Le Temple,40-50;
7683709a36409f4777bcf6f3e78d63ca39f5d58e,1427738400,FR,Roissy Cdg Cedex,30-40;
4f4e27f2d77580f36bc2f205e6fdd6923e780af5,1505472354,FR,Trelissac,;
529af2bff627e50e07302cbee5d7d93258b6fab2,1507868055,FR,Fresnoy Le Chateau,;
4a8afc09d88503c8f24ddceea15ca77469d3fe80,1507099415,FR,Besancon,30-40;
8fd205e5437b12d4c1158910e0da7d1066d0adc1,1503020318,VG,Manchester,20-30;
68a5efd6736106126b850ec810bb40047c13cd30,1507867248,FR,Arvillard,10-20;
7508abe2db14c787525414e70fbb0364f337cd76,1483778644,FR,Compiegne,20-30;
dc7e9ad6868eaf3c9d1c1baf8aef73947c504e7e,1480425685,FR,Geispolsheim,40-50;
ce961149520ca2bc283090ef0a8dc63ad9dcf12d,1371067200,FR,Bouzigues,;
8d9d10cf76c55f50df2f6d8b2047bd559cbd36cf,1506769205,FR,Ste Foy Les Lyon,20-30;
89c2ea22f0b4a40502929491b3c0a6d95de05411,1504375735,FR,Linas,10-20;
83788fde64dcfaddb6875b651456cbd67222a851,1507665550,FR,Paris,30-40;
4b4de25b56e036e41e38721bfe15e0c86c4bb2b7,1386450000,FR,Talencieux,;
6d87ae79995ca9c8738955418ac5ae0cd259f46a,1416520800,FR,Saint Siffret,;
2f9b6764ce7760bf734c092dacd0c7a6247d8f51,1477982509,FR,Villeneuve D'Ascq,;
316e8dbd0d724f8fcc34677be382e80a98b55e3e,1507865086,FR,Marseille,30-40;
9626b70ab9778c298f57ee3287751c9e17e78576,1498992677,FR,Loudun,40-50;
e8ec17fa0368c693b80f4774afc2556112981a28,1505677218,FR,Guyancourt,30-40;
3c0a85acdd09f64d788eb3aaa92d428fb914ed20,1507863531,FR,Paris,;
2596560937f60b11d7cc74752b3cb451e57f3be8,1505102563,BE,Bertrix,10-20;
e78671a3ad0e8cfd18c886c6846c645049630dec,1507863851,FR,Paizay Le Tort,;
527c24339abc08fa4269dccbeced53723e0476e5,1503475099,FR,Quiberon,30-40;
194182817fb3dc0449abc8e8b0a239a7d2e3ba33,1507039369,FR,Coudekerque Branche,20-30;
a2f4f2999ede222e9b49fa04cbbd43e402306674,1489381442,FR,Le Mans,20-30;
d4979950f2146e7e1202fd6246e3db3dfe24acba,1490756291,FR,Sagy,;
efc64b6ac50452995d3398ae2f593d2b5d399e6e,1458362508,FR,Antony,10-20;
8962165a722d2e2a61e0ed9f1277cc819ca1527e,1462710249,BE,Leuven,30-40;
d50ecc24e4badc3d3272f036a94f59dc0abb05a9,1458334373,FR,Talence,10-20;
56920f816d8e942376912d2f5eeb397ec1b083c8,1427659200,FR,Octon,;
969a348c414f9539c24cae6d57c62fe83feb4997,1507862176,FR,Oissel,30-40;
cdaf1c105879c11c550da46ca2bf20cf9aafc851,1483731224,FR,Albi,20-30;
fa45dc25f6fbb72cb1101282476e32ced9613119,1378490400,FR,Montrouge,40-50;
8413078b8b21874efeb870282bd80412db2ebeed,1395954000,FR,Oger,;
1e0c54c2104b5bff866099066139e1cb66c88f58,1507702504,FR,Aubervilliers,30-40;
ee1ba712bbbac320837757d9fdb8297e0b273488,1490331100,FR,Sophia Antipolis Cedex,20-30;
ea6ccfee2a57e683af4fb1e117c192f76ab8bd20,1440792000,FR,Montbrison,;
e2a082f69d3a4e8f8a73a495f91800d46529a877,1312315200,FR,Le Soler,40-50;
0e53f26fb7e495d6f51a47e2cf2d8be9245c39c6,1352494800,FR,Brumath,;
60158a081f0f1702da2468b0d50d661c5f86481a,1507852783,FR,??; France,30-40
92c3a5ff76038053f372a4102ccc37e67f41136b,1475471115,FR,Tourcoing,10-20;
57898027ba4c7b295b3d870d1388da9d547cdee8,1479807068,FR,Bourg La Reine,30-40;
c6c7afaa38cc46994a16cc8bffa1f42d804db3d5,1507687525,FR,Paris,30-40;
cf96d761dda915e183e2252390462f6692a82a70,1497911275,FR,Nogent Sur Oise,30-40;
d334f7c4c0c1aecba1a54ee9fdd223ca306efc6a,1462021918,FR,Roissy En France,10-20;
baf09d6dd1ca825562733edf96056276f58554f4,1507850124,CA,Montreal,30-40;
4a9aefb2f26bda11d0cfe8c0c5d4de3c90d6de92,1507848556,FR,Chauray,40-50;
38c9f7e65bac3f8ca7f452d6c0eb0459f0c9d747,1418335200,FR,Suresnes,30-40;
c264b1fe21569053fc16b8b9fd06a543e124839c,1507843190,FR,Villeneuve La Guyard,;
6127d2081cf0fecfb8d7f74cb2126b981540450c,1507845843,FR,Talence,10-20;
ede886b3aa0564388bdd9fd66bb348248e5c278d,1458843669,FR,Epinay Sur Seine,20-30;
a8269b69aa449efeedf3e3880d40af763fcef146,1498547081,FR,Strasbourg,20-30;
11d2df6134a630d632069afc5261c819119a3576,1505983451,FR,Paris,20-30;
00b15aff8e688b30008696ce4cd4d16f45a0c64b,1507841208,FR,Aubervilliers,20-30;
82679a0a8b883cc9c97670f65b17ceb8d7694da6,1470166036,FR,Argentan,40-50;
fb5cba7837b183e2923f23109d9c710681e22ffe,1473833047,FR,Bourg La Reine,30-40;
3c8478afd2df006745efe06344ec12d3d4b0bf44,1507842610,FR,Schiltigheim,20-30;
f4a47a34bf1c89ff7f4cd437a0fb7f6cb5a51123,1480887211,FR,Fontenay Sous Bois,10-20;
4c74225d449b78cb03db7a2c25207d2d63153b36,1507841331,FR,Avignon,20-30;
015461ae60e9bb1b6846b9dd828783b7bdb334a2,1364846400,GB,Milton Keynes,;
b4ec1548ddd9b48187f458e8a455397951ef41e2,1507840810,FR,Vaires Sur Marne,20-30;
966287a7c6568420e6e947c229c92a7c68e5600f,1496495726,FR,La Salvetat Sur Agout,20-30;
f8c069e1c9d45c8674c0c5ae534e4c355e5e4e98,1410897600,FR,Eschbach,;
cbe38d063851b1bf7c71dc01456b77224b2a1321,1507840344,FR,Buc,;
b2a909f9e47a362de06c79fbd0be7db54eddb2ad,1500833122,FR,Ponts Et Marais,20-30;
966032e6246b1fc46fbbe4c6cb9dee34195702ef,1507833025,FR,Trlaz,30-40;
87330a91b032c52e4472ce2bc80b89091011b63c,1393624800,FR,Verneuil Sur Seine,;
e9b7f69a6e6b5a4cbc692bdfa2ffe5d9bf5d35dc,1476472846,FR,Tarbes,20-30;
0682730d2aaae791d6631e5994d8780e89794d41,1479821218,CN,Wuhan,20-30;
03def2d098dbcf1c5d4b15524e3847bee37744b6,1507838700,FR,Ploumagoar,30-40;
2d343c1df8025bce2fe1410f05af4a71e1324bf5,1507575291,FR,Rennes,20-30;
b5e4f4c0bf038a147e8712319128ef9822491157,1445277600,FR,Saulxures,;
fd48d75fcef4cc35fa1135a673ef2da349055e01,1507838534,FR,Merdrignac,30-40;
b3b7829997297b91b61f674e3129d1979b07f0d5,1507285634,FR,Chilly Mazarin,20-30;
a58c61da59f6bdc82eee567bbcaad1f3eee5da6f,1496239264,NC,Noumea,;
b5392a86ea6db6f35227cff41b6d11385acee953,1507837962,FR,Rueil-Malmaison,10-20;
6a8c1fc033ed88a33234f39c02a3626aa5f179e1,1507835705,FR,Eaubonne,;
1b2b18d5f7dd5575b9d1aa7751575e66d6c62398,1507838071,FR,Sainghin En Mlantois,30-40;
2720300da4b4b71669d34b17adc49b6d68460d75,1447288770,FR,Toulon,10-20;
d104a687875a26d14898ae5c2d5fc9464ca60d1e,1417212000,FR,La Rochelle,;
e2496d9540ae48402c2dea53e4b2df5929b3098e,1507837776,FR,Toulouse,20-30;
e5a72b453ae2969bf5de1a0046065f4176d3bc7e,1507837701,FR,Issy Les Moulineaux,40-50;
25d590d9760b17e6cc4fb03d7d59e98d2bf5d3fe,1507837544,FR,Moelan Sur Mer,;
8ba31b68a2e06c8de3ced5d179c18a164f4f5259,1489607130,FR,Paris,30-40;
fa06876b26fa005b9366d55f6fe88ccf24a68777,1507267709,FR,Perpignan,20-30;
533c65450666175f79929cec831a4a9456f0da1a,1507837184,FR,Charenton Le Pont,20-30;
551450ca3ceafcfc7ebd209a90029fe5e957df40,1443376800,FR,Rouen,30-40;
5d22f1615b6e3120e7bcf35dae5d65b31b4de25d,1507836766,FR,Lyon,10-20;
6144d0ee34194d87828b2070e5bb42638a247701,1462941888,FR,Bourg-La-Reine,20-30;
d1164bb55bfd9ab24c14f52c91799647e2bc09de,1451391036,FR,Neuilly-Sur-Seine,10-20;
49d44524a29d701c629d3b066231e21df88faf54,1425675600,FR,Meaux,20-30;
95939c7907885d0a74a5ffd62c8d4f68d3bb73f9,1507836135,FR,St Laurent,30-40;
44147c22ab2ef362fd120f4ef5453f73269d4195,1507835944,FR,Montesson,30-40;
ffee20b5262a70225b905143e09268f70fdea57f,1501277055,FR,Sainte Agns,30-40;
f75b547bf9834a6c47e95defb0e04854d44c4926,1507834822,FR,Draguignan,20-30;
fa4dfa4193b7dc37b87178e507b0bffd8d52e009,1507835735,FR,Saint Leu La Foret,20-30;
b0207ad1df780309c932c429a5023a3bbc7fe8bf,1505764858,FR,Strasbourg,30-40;
a7143af895fda906aa1382115de94a8d646282a5,1494098643,FR,Strasbourg,30-40;
6b069b87c2036b3c0b684332e8e5a52290e4d309,1493835605,FR,Belfort,30-40;
1996ec1e906c01077d63ed30d3696574e044c47a,1451240109,FR,Domerat,40-50;
8dc8a96466ac38822b155cbd40accdf32f275e9e,1507834474,FR,Carnac,;
2688ef20b612641fc36b34ede01ff2b7b7b288ef,1452271405,FR,Nantes,40-50;
67396f330d40e136ace0b06635465b60bfd03d16,1358892000,FR,Saulx Les Chartreux,40-50;
778a0fd8d123394c5857e5737232169d37b3f3cb,1507834506,FR,Condom,;
3b1e78a8b5e5f4136fb9864c87825f60dd04d5a9,1507835109,FR,Moissac,20-30;
bb73a9b7ca6424a099661cb3a041801cddc587bb,1507829258,FR,Moyeuvre-Grande,30-40;
37fa9da0f11a4a9c1cf45e56757e0809be993ea8,1507831551,FR,Grenoble,40-50;
c0738b33bc4952c595e87ce770b1a9705c628c51,1398888000,FR,Antibes,;
786668d1963913ee6dfc22f34748da1e1ff4c3c1,1507834144,FR,Porto Vecchio,40-50;
5f51985bc1c3ddb5a5baf7ca105e64702a287521,1481143670,FR,Toulouse,20-30;
eeda63f9c6bc2ac1895f5f88e3bb3716f6d496a1,1418940000,FR,Saint Remy Sur Lidoire,40-50;
0c3821472f1d488cd1f476a44d7414d0e58c22fe,1498580044,FR,Laon,20-30;
8f8aeabfc4ec89c32c0dea32b536c7078f94e533,1380312000,FR,Gillonnay,;
eb5fd753d92162edab0ec54e468980ded4f2e262,1502097233,FR,Lormes,20-30;
a906d0dcb4bdff4f636a05641174084151811692,1507407030,FR,Vnissieux,20-30;
4c75f60c39e3c11e07ba8a2ba82cf678e2b821ca,1442952000,FR,Fontaines Sur Marne,40-50;
82959ba0a3915c384daca1936ce3032274663fef,1462042993,FR,Lille,20-30;
a5e3af8c90a4d0c66ef02e79cded426d9576a5e2,1507402045,FR,Antony,30-40;
9cf77cc5457434437a6e07bada7240d9928d21e0,1507832807,FR,La Neuville Au Pont,40-50;
1610fcf3861e428af710b8f5456382e424793efc,1507832714,FR,Metz,20-30;
7349925ee89a6604d73d02075c0d7e74fa55ad41,1507832587,FR,Neufchateau,20-30;
623633ab1378e96264d541f6745a9a47cc931920,1465140201,FR,Paris,20-30;
5e4c742e87ae3b44bbbedd934969dc934439ed61,1463412446,FR,Coueron,30-40;
0fbb6969eee6aedd7c68352b38520381ab244e08,1481229342,FR,Longwy,30-40;
a4cce7f7fdbc4ffe14e2b9851ad7a607b66d0dbc,1507831930,FR,Beuvrigny,30-40;
0e7543fdef9cdc38ce8efe614596070d263e5895,1418850000,NL,Utrecht,20-30;
ddaf154a4caa9faffd35f2b2c32536ae0ae77df6,1424552400,FR,Belves,;
1eed0e7b1eb0c912e4ef400713c19af92150f951,1493371481,FR,Lyon,20-30;
bc23809b36e5d53e316f26fd0c53539447c3524d,1457295525,FR,Paris,;
7685f077ff35a4a517db988921d00f6383d53aca,1394316000,FR,Valence,30-40;
70731fbdc4ac7432b02897ff68df21f8c44626b9,1507829700,FR,Cormeilles En Parisis,20-30;
0cb89ccc3ad3c29d4edb3edd0e19ddab751dc8a3,1472975966,FR,78630 - Orgeval,;
c0267fbffb48337069b6998e0f14a69a1c0402a8,1435262400,FR,Nice,;
c95738fcd24a8ac00474c11d3ffa691565722327,1429992000,FR,Brest,20-30;
8240db45e89655dc741876e1abf4414eba062c36,1506506885,FR,May Sur Orne,;
2325b0ba06cffa1c2d09fdc7ee8bfbfc87970132,1468254365,FR,Autigny La Tour,10-20;
1db798b33ae1d3a127364b973e4d90530bed9026,1507831663,FR,L Union,;
9647a7fe20102048ce27416c415c751515a68e1f,1507831626,FR,Drancy,20-30;
8e98e4cbf80516e9450e8aeda6d3cb6df981eff8,1507663791,FR,Mantes La Jolie,30-40;
860386f81c755c05645173f78a828a0079fb1800,1507831602,FR,Loriol Sur Drome,30-40;
9f4bcc5346da6554456454d7389d97da93ba08ed,1483200995,FR,La Tronche,10-20;
01266920fa4e273cc5b793c20b4e5a80fd718b88,1507573951,FR,Villeurbanne,10-20;
9f58ae755737b62752539acf9bcb04d6d2476cae,1460813242,FR,Grenoble,20-30;
4f357b96ad7599a2e42a6c6ef9d77a42185fda6e,1507831041,FR,Roubaix,20-30;
509b76fcca5951a4251ef4286d8a68efa9f5eac3,1507830948,FR,Malaunay,40-50;
901055f5d4969f7d00937b89b8736d30af2f4023,1498217821,FR,Antony,10-20;
b2f305cb45fc7225c9f6af769763386735d57729,1327528800,FR,Huttendorf,;
6dd5d62e2dc3935dba2f0a0391b98f877e065caf,1507830886,FR,Quincieux,40-50;
0d07d1c641ebf80813188af8651c24e67e003953,1496293675,FR,Woippy,20-30;
2a6a25c9b10bdd6227f8734e486ff8378370f7e0,1507830742,FR,Neuilly,20-30;
140d1ef080c04f463ef2f3a839a1d02f254a6eb7,1507830638,FR,Gap,20-30;
0a281147c7ca9989d99e95d002b47f052676d15c,1485467093,FR,La Moutonne,;
6ec6231876a8b73d3d04c7e8318ee75946ad1cef,1494401146,FR,Blr,30-40;
be67a745ef42f1c9be3ae9200377e5c663f5a0d1,1507830654,FR,Le Marais Vernier,;
c673b9eecce82702ae72ce1479b036a879fb2115,1347739200,FR,San-Nicolao,;
38cb4c70c90da9df56745540121bbc1e9a5a4513,1507830450,FR,Vitre,40-50;
75b8811ffa237eadaf289afaff312f49a1b242d9,1507828008,FR,Lyon,20-30;
f82a51051c4234989ad85911989511cba16c5af1,1507830426,FR,Bouaye,;
827c55b776a8cecf972bcee7f35580e83ca239e3,1488726444,FR,Amiens,20-30;
c7767e5c23f89aac563e2718d23101c9a4583387,1507830300,FR,Herm,20-30;
703b90879366678d5f69388995e112c0c8e9f5bf,1507830174,FR,La Bauche,30-40;
fcefd32b2d1ee63b7449b48d8d61458000aea870,1450812192,FR,Cambes En Plaine,10-20;
0bb434422f78175ee84d7220028bec94b8e15b72,1507829981,FR,Villevocance,10-20;
83a96a1e655fac0efaa05e07480fb93876cdb335,1401818400,FR,Eaubonne,;
bb3335666a362367d25467f7b96ecb216075578e,1507829938,FR,Saint Etienne Du Rouvray,;
51ef047849b2885f537c63bcea869530e566c2ff,1492102218,FR,Villiers Sur Marne,40-50;
f9c1491c2670fa8c634adb3a772b29b5deb8bf5a,1375646400,FR,Vitry Sur Seine,;
094fafba77da52b09c223bdfef615703ab7e7718,1507829789,FR,Annecy,;
d10d4ee2c91bee1cd6006b93154c3c1b3c9734a7,1506711783,FR,Poitiers,20-30;
2356ac90c135b68ec9db5f12c7f440dedfbc8010,1496257479,FR,Malakoff,;
9b2acd21f3f3f877926217d4ae27899b05eb3333,1507829631,FR,Petit Couronne,20-30;
76257e4348b76789030ceabf08f0cb0f3a867f3c,1396728000,FR,Boulogne Billancourt,30-40;
4cf300c68f9f60439825c36c9643848220eeb21b,1473922551,FR,Thionville,10-20;
465839bd862975cb2016396c3c37332a18b33c5e,1488915317,FR,Sevrier,30-40;
e3f3026015acdd946738aff09d7a93ca8531d2ca,1505630630,FR,Riom,30-40;
5a40ef55e810fb08e016e94b7f9ec0415116c1e4,1507829136,FR,Quimper,20-30;
7c2a43c685f986f62e5d8c68faa272abf33b9517,1396288800,FR,Grenoble,20-30;
907c3372b9e34cb62edce0727c627c5471e9475d,1507829232,FR,Paris,20-30;
6b1f9b8397d3bba807001820942d1c695d047359,1507829038,FR,Eperlecques,;
7f7d4ad23f45965d8c833069197fdebe5b20db0f,1447415535,FR,Paris,10-20;
757da6e14cd37108000bfd10f29a0ef7ede9a14a,1456747092,FR,Hayange,30-40;
f3e3d4a235d7ca5c5d408348ea8018a0fa8d1978,1507828955,FR,Hazebrouck,;
609f913fe568a1e2411f5dd5639d4fa917d36901,1388178000,FR,Ballainvilliers,;
89675de80ac90f1407f48558cba57adb5c5ec302,1507828832,FR,Fontenay Sous Bois,30-40;
3cfc2370a9504dc0b841f3ea5300fa467f39bc3b,1507828808,FR,La Plaine Saint Denis,10-20;
d300992b8e1d5d214121b9f3f0a8bd09c944c523,1503908426,FR,Dijon,20-30;
0c0a1ccf06510eea3caefe0fd13abf3c3b12450d,1375639200,FR,Le Blanc Mesnil,;
73113eb6eb9e1062f47387b1c9b624658bf76d63,1507828612,FR,Paris,30-40;
f53819bd1011d01e0537de088841e337c7970ad2,1506504373,FR,Crouay,;
d3d8412fd889897b4848321f55cfbe034a68d222,1507828536,FR,Toulouse,10-20;
c4f4210dac84589e24b65343e22698ac9dcd3f28,1496770139,FR,Montamise,30-40;
454a9b1aa4d0c9f2feabc99b0f91271de4378f8b,1443808800,FR,Saint Ismier,;
9445c2a903a681bdcf1e7b96866c1e7bb5399b30,1354309200,FR,Sanary,;
bb96cc7e9fa7b589f095356b312fdaf53946b969,1503074456,FR,Mantes La Jolie,20-30;
9d0581ed92bccd493a4a529933785ac13a1476b2,1507828227,FR,Lyon,20-30;
3429f52bf5041cde540d2dd3555292005cd3fb6f,1507828115,FR,Marseille,30-40;
a2385f2c4af2bfbec7ad1bb6a9edec5a63e3ee74,1501175334,FR,Coeuvres Et Valsery,;
87b120dd0f7a4cb836f7797448e28290024b0fc1,1505670257,FR,Saint Quentin,30-40;
044bfb6c6d7d5f56f3da13f6c07b87e7fc393859,1498969037,FR,Ballancourt-Sur-Essonne,;
5a74622de015cbfdc96b0dafbdd6757cd82fd5e9,1490722618,FR,Lens,20-30;
b54a069bd3eb01d52621499a84b983c4e0496771,1475501881,FR,Caen,10-20;
748ad639f923a23e99cf8e8a4c8042c061693c2b,1507827785,FR,Chelles,20-30;
92aa70b3b3fb819b7c1c3e16b6c2fc6df47fbb01,1474828808,FR,Villeneuve D'Ascq,20-30;
e621795c43eb656581c9ca49962b546b06088387,1499065961,FR,Nice,30-40;
ac7fdd26588950e7ff49b3e695503b9867cf5abe,1467183589,FR,Neuilly Plaisance,40-50;
626665d5596bc6fbe556557aff64ee75a3fe097b,1364162400,FR,Grenade Sur L Adour,;
a3c25ca1749ee3df8a3b900d7c0c1e00b5377109,1507827489,FR,Maubeuge,10-20;
29501053e07a66031e55fed4293b18f6c3ed3909,1494575145,FR,Sarcey,20-30;
0bae75207e28a7764c3d2c20631a396a41e574f3,1507827298,DE,Berlin,40-50;
3c09b5246bffab8d6552a42558ea800debcd09c0,1370721600,FR,Persan,;
3f0e73310402d9416547b99b4629fd8b01e44f50,1507827100,FR,Vif,30-40;
729240c48c38e6ece0cc5b716bba587df4be9169,1484838769,FR,Bois Colombes,;
8648cacb944fdb13c0bbaed987fa5731cd6c6111,1453619701,PT,Vila Do Conde,40-50;
44f2b98542b77ac94093524eabeb56e10e76cf77,1443290400,FR,Ivry Sur Seine,30-40;
9d3324dffba7e302699df4035f66afbf11f693db,1495459108,FR,Angles  85750,;
dc307c20ee1e586e1634f2cac2168109ac91b7d4,1503046664,FR,Brevilliers,30-40;
e6d6cf0558d4f999c1ad304789db572db79d3b62,1506923315,FR,Pont L Abbe,;
3a378756801e18fe943f23b9248c7d3949029c48,1507826445,FR,Fanjeaux,;
1572c9e31959564775f06096b09b7395b772c093,1443297600,FR,Redessan,10-20;
d2a1492d807f9faaa6c65a0dafef7791016c9fd4,1507826300,FR,Saint Germain Du Puy,;
f0e845bfc72207157edc9eea1bf4d65a218197e0,1396641600,FR,Combs La Ville,40-50;
81cd0c44a958ba8f5cae526c73d63eec83029abc,1499518986,FR,Riedisheim,;
c9137406a5b9210a202ced4da7642f3cea21106c,1507826158,FR,Saint Priest,40-50;
e2bbb82e80ba1cc94a6aa5e3bca81794cc7009b7,1379534400,FR,Somain,30-40;
5d5eb2275604ab58573b9bcce7aea6ff8623c55f,1452587096,FR,Taverny,;
8b91bfec32bfdcdebecc71e58534968979c2c336,1504011582,MA,Casablanca,30-40;
cc89c57e807ff323b195ce6646ba6051a6d14ead,1507825565,FR,Tourouzelle,30-40;
4e42140ad16dcd0d94680020542186118c092add,1507802796,FR,Saint Pierre Les Nemours,;
99847c671645ac8dacfeb78e7bd0b6459bab9703,1367179200,FR,Maubeuge,40-50;
ca7340983eb2d4454d361f44a688171dd23ac818,1478180590,FR,Saint Esteve,10-20;
78b0c0d0c39c2e99bb030b4869c5185eda7b0e92,1418853600,FR,Montreuil,;
7caf8583ddc1ab65176e7d35a5ad2205e3534617,1507380674,FR,Grenoble,20-30;
946d5f8271caf45c90f9645af9f0193bbb9e73d2,1507825119,FR,Marignane,30-40;
320c64b625ce7c6226fb22644f204c55368f1b6a,1480450035,FR,Paris,30-40;
d7d93a7847cb60e8856f6b7b33004aea1dfc0f75,1460008623,FR,Villejuif,10-20;
38b2ca64bb08030749f5d99d8323ffa774ceb3f6,1491974124,FR,Essert,30-40;
1c1134f8c86982efb2134ade4f11057a3989361b,1433700000,FR,Sollies Pont,;
436117aa35933a6c17f47a143ec1ec96fd7a87d9,1507824291,FR,Saint-Parres-Ls-Vaudes,40-50;
faa240121f0a9747fabcca81ba22db6f4c2f60ad,1499181066,FR,St Laurent Du Pont,;
fac22afeb3e75485fabe28ba8671d2b0d3eb551b,1507740246,FR,La Baussaine,10-20;
55c1cbd6cea219a4bf37b7e3eddf71aa3e47e1e9,1507824252,GB,Bicester,30-40;
b45723b0f6e4cc7b608ff8feb1216305123b081a,1490102094,FR,Tourcoing,30-40;
2c2e7f955075f74eb65827f62ec33f7401a542b6,1503131473,FR,Labourse,40-50;
984cac3c56ff73a4a59b1ba752a1b75cad59af17,1507793452,FR,Sombacour,40-50;
37fa14fdbd5e06064dc020cc8246bb23b6e45f17,1507651794,FR,Rouen,20-30;
9251c5786b50aac8cdcef39e7e2ac2fefbfc2559,1477983397,FR,St Jean De Maurienne,40-50;
217be358afd25c7791136f2be766278128ebb5e8,1507208818,FR,Peymeinade,;
df52758590b482e714b319fc0765c611f0db6ec2,1507823671,FR,Thiais,40-50;
c23dc3230c7ad5d89635ede7d8b200fd3e1da7f6,1489587166,FR,Tourves,;
fcdca6c8f62319a2bc60c1f5506e79489d085a64,1425330000,FR,Bicqueley,40-50;
d8c3fc1600227c0ad4e82b44f6fd446aef92198e,1507823195,FR,Les Alluets Le Roi,20-30;
1611a06a17ad7c1d48eb75a9982b45e79806ae29,1507823135,FR,Oisseau,40-50;
fd40c3dcb76d8261fd69c2831401cb906462e591,1507808083,FR,Eaubonne,10-20;
b0b4583b006f29d399ba35b4e634db5137016b08,1507823005,FR,Maureillas Las Illas,;
b1b40478cc3d2e2ef33853bd4cc3bbe2f3639e36,1507822980,FR,Londinires,10-20;
1087be55d563330f73171a124e9ce6dc3e564884,1480267766,FR,Chambery,20-30;
f8240a7550ce95e7d55098a95602c3f1bfe3c0b9,1470583217,FR,Auterive,40-50;
3f826d76595e12a35bb28e0acc9e2a274dd8acf0,1507822798,FR,Avanton,30-40;
3bc0ed30da3dc1f651caee5d8a8c1c67e043b1fd,1491032527,FR,Fouquereuil,;
32855dd682e40c75eb99e10bf8f9774339a61440,1507822321,FR,Cerizay,30-40;
652a35a9b634f01f57c198e8e74464aeea0cf313,1486999694,FR,Marmagne,;
231ede46ae496b37f5b6143f1236b8f311a0f7a9,1332705600,FR,St Sorlin En Valloire,;
1844511466a3acaaebee84dd50115561f8db9fcd,1491394047,FR,Saint Mathieu De Trviers,20-30;
ed4ada9a32c418e254b9810375a51d04685f6fb9,1395957600,FR,Varennes St Sauveur,;
a5fc0ec50fcd25f410ecbe56cba35490c00536bf,1486586177,FR,Brest,20-30;
25e0e5a639e6170892be0d8cf1c873f23020fee2,1491138500,FR,Montelier,;
2901f39acca92c37ecbffd6078401587c2f2762e,1493833279,FR,Serris,20-30;
17e85f61b6ae492a8a078b62c19bf8e969a923af,1438632000,FR,Taissy,;
818c34eee9f57f7eebf2a4aba1d2540577ce8eb4,1410292800,FR,Lambersart,;
207779688ef9bfaafe8fde2e7ffa316776ac7911,1491131602,FR,Talece,10-20;
1db21113afae4c1e115e323e5664346cd85640a1,1507821963,MA,Casablanca,20-30;
3180bd773df0a43d4fc72962ba2ca565f7f35b2b,1341259200,FR,Marcq-En-Baroeul,;
29a81de82e6bde4d391e325aa714037ab6dfecb3,1507649752,FR,Bragelogne Beauvoir | Beauvoir Sur Sarce,;
b8dfad724fe85bbd5075ec80727c9b3f81523c58,1507821789,FR,Bazancourt,30-40;
18e1d23fe7ec2a92183a7888a50748cca3805c57,1416693600,FR,Saint Genes De Castillon,;
4a381e3008021b2a2873c68526adc43c3790f88c,1507821483,FR,Ollieres,30-40;
492e7c3f685b955f9d2903524cf37d94373b54a2,1504114751,FR,Reims,30-40;
3a4c77adae353c15d140a022ab9d54051bba3cb0,1507821351,FR,Trouy,30-40;
2903dae41328bb46b09a32229eed210f06eafc8d,1488570896,FR,Epernon,30-40;
ab7379ce72838b89fb78ee176f7c1a63a026de35,1502099732,FR,Ajaccio,;
c471752129970add70c650c181985e15d96d7b57,1462896465,FR,Menars,;
577f5b8b77d4093efa80a8b2e3ddcc2f92df2f08,1448882277,FR,Brioude,30-40;
25056be0e77b7b582e660890ad1c4d2aa2ebcf6c,1456169515,FR,Praz-Sur-Arly,30-40;
df1c9e9da3ec064ceca01883f722b1ddcd7fbf10,1506950637,FR,Elven,30-40;
50192753a79969285eece495dd0e63e5d203f83a,1507820792,FR,Bruguires,;
38b3fd540b5a900393abf9d7fedad76c0bca7079,1507819921,FR,St Gratien,10-20;
24bb28b5650dd48e4f9c0e37c65d0550b025245c,1507469335,FR,Chilly Mazarin,40-50;
5be4141206a9977f3af5ec1fb0d53ebf710f444b,1507820510,FR,Talmont Saint Hilaire,;
fcbbe914dec893862e5c31cbe6e5ac8535a48c0f,1456420709,FR,Chatenay Malabry,30-40;
796c2115fc87f3d47aab6891a9d2e933dc4a47f0,1362002400,FR,Melun,;
b2213747ade25364d669d61932291b69672b5da3,1507820450,FR,Chenove,20-30;
6459f0e606c44eaaead797819a329f41df363697,1507820414,FR,La Chapelle De Guinchay,30-40;
841413215b67e5b0fe59b76916a18c49c114b75c,1453642745,FR,Artigues Pres Bordeaux,;
8814d0e8c3c405bac24e9c1c037e3925c6abd923,1507820361,FR,Belz,40-50;
9bf5d2bb2fa6e7880b3106b9f61040238e6de94f,1495524283,FR,Grenoble,20-30;
5c8916cca116d88bb1e96e759f0c6df3d816a153,1495641019,PT,Porto,40-50;
c459fa7b4ecedd7b91d8726ab88386839a096370,1449764158,FR,Castex D'Armagnac,;
95fae5ac34042be04f12825ab2bcaa871bafbd1f,1507817736,FR,Milhaud,;
9ede2cf0d04f515ac4f01bf4a55ddb8139ad4dae,1507819639,FR,Saint Jean De Tholome,;
e46d3aa797f68640ec8dd39427796e032d967f3b,1499701798,FR,Lyon,;
18de04b0f206a1be9dad56ef2e0c0618f489853f,1507819591,FR,Noisy Le Grand,;
80bf66d4e08578a27d3c39a2798205aed4156181,1487104640,FR,Saint-Denis,;
faf3036331ba63e89c26da39cf9cc5c094cad66f,1507819330,FR,Ernee,20-30;
ec7b4007b242e4750e915f9f1957119089ab4428,1391464800,FR,Tortefontaine,30-40;
e11232cf12a062d31995937a6b243ed8d400bbff,1463151367,FR,Paris,30-40;
659229f6fc856b2805e3d06e0bca02c2727a514e,1503498317,FR,Limoges,40-50;
7884c3c5bbce7e8338c69445760902f8123dcb94,1505017310,FR,Beaumont,20-30;
63e212c1fff2907b6f5a42fe1c12e8d4d4d86e3f,1456914465,FR,Villeneuve-De-Berg,;
ec6b44b755ab6dadb42974c55c92325fdbf68e02,1507818943,FR,Saint-Tienne,20-30;
21c5d79290a2c786c3ab382a729724ab18bbde98,1507818858,FR,Talence,10-20;
786c86b1bca5a2005f06bb16e385f0ae793d1e83,1507817848,FR,Slectionnez Votre Ville,30-40;
a34882ad22f2b6724d329da5837dac54c2b5b70a,1507818828,FR,St Genis Laval,10-20;
d81bb21a9f5f1ba585a6f293a0b0ccb2535540c7,1498376611,FR,Le Deschaux,20-30;
54eff08350b043a7c2bfee2a8271cf8df3def9cf,1501064581,FR,Champs Sur Marne,20-30;
85fb04dbbf7b55b9dfda7513945805ea89fc7472,1363640400,FR,Sannois,;
f77b085cf2efd514990223d884cf2c2b9f0663c3,1488836029,FR,Vitry-Sur-Seine,30-40;
9e04335014187525c7005fcbf94f77bae41f3ebb,1507817657,FR,Chennevieres Sur Marne,;
25f7eff38e0a18a79ce670cc567cf94c84452841,1507818457,FR,Bayeux,20-30;
757bcc9868099c6ea8a95d20ef77b2d1ad301d3c,1507818430,FR,Esches,20-30;
dd17c4003d5051ab9307adbb5321439c4114d0da,1507818334,FR,Gacogne,;
41f7eb968db5db1a9fbc268a1fc9e9c4fba231a9,1507818062,FR,Torreilles,30-40;
44e594239f0ee1296a884b51c3109d82c556202d,1462034018,FR,Bordeaux,;
058d547e1e264286c09108c4e840af6ed6d998cb,1491587363,FR,Pontoise,30-40;
9a314a1cf3e68365563c0339eb592da140069b9e,1507817784,FR,Frepillon,30-40;
65f1cf57e8c4c91bcfff182d998a7fc1a98b081c,1455525460,FR,St Just En Chaussee,30-40;
e4d44f82b298c018e660ad1582634ad60de04a2a,1471065794,FR,Frthun,;
0dd6afa641abab7127a0d88248c391bd3206840b,1484414773,FR,Duniere Sur Eyrieux,30-40;
3a4a8fbf5708efdc89ce0fe6968f28fc2c2bde53,1369677600,FR,Franconville-La-Garenne,40-50;
2f421502ed46d9febd53ca662f8ac16fec977470,1505672219,BE,Bruxelles,20-30;
4d3e7448fc9a1d9608abdd2596ce06817cc20398,1507804990,FR,Brux,30-40;
ef87d5b4fe98d4c1a7973144a6ee17cc939b6241,1494523181,FR,Sevremoine,40-50;
86ac572c9b77fa8c4d40d0f9d717580c12befe80,1507817300,FR,Val-De-Reuil,20-30;
5d49bee057d219afc6ec0af4c31a9c7e103d13f7,1507813429,FR,Paris,;
db640531e0590aef0d4385324913dddaa7257a1f,1507817203,FR,Clermont,20-30;
7aa8ee969365430558a26dc5a7f8544beda0569f,1485624528,FR,Frencq,;
5a0120bf3f7d8ed56759914b01f1fa5295995dff,1339437600,FR,Bagnoles De L'Orne,;
fcc170825d6cc03ceff0bec2ce52dc2992362682,1388872800,FR,Boulogne Billancourt,;
02bd9c934bbf99d58e6b634887014d8a6749dd27,1507816747,FR,Nice,20-30;
193f8bc1799ce99996d947a305a31d6589506a56,1475953309,FR,Toulouse,20-30;
316f7ed14c099b867c78649425e0b2cf1e60b1f0,1507816487,FR,Castelnau De Medic,30-40;
a989b1033663eb5f26f2a236ef91b45d82168e88,1362780000,FR,Jarret,;
0b717512971f3c78a92201ac3af41504d3e32e28,1507815598,FR,La Rochelle,30-40;
d380be38f63fba8632279dd019c3f558d33d288d,1507816451,FR,Aubervilliers,10-20;
7c39092b271f2e11b74cfe899d43f00f45b7820c,1507816429,FR,Mureils,30-40;
48d8b2231c549da88e27a3d141f796fb4bbc4c63,1507816326,FR,Graulhet,40-50;
a41ef62af2035dd9a3d143efd1866f3acf9d60d1,1373486400,FR,Paris,;
9de22ce07e3bfe5be7bdc036f86bb154f0ed4ff3,1464278908,FR,Nice,;
de78d68ad92dfe22bd43576fb63c3226ce61f306,1370887200,FR,Redessan,;
aed00757e3840c4c45ff76aa247060fb0bff096a,1507815937,FR,Hoenheim,30-40;
cb972b07e0bbe535424d2bf623b701b304d515eb,1465241449,FR,Saint Laurent Du Var,10-20;
b09aa270983f217717927f8b714c363586b14cd4,1507815824,FR,94250 - Gentilly,;
e1f14a4c44b3a43df4fbe6efcc18af6584429153,1467287019,FR,Paris,30-40;
cfd6034503885a4885674f820d15326ad0f59aae,1494864698,FR,Aulnay Sous Bois,40-50;
93536e95721a67d3952cf3f18cc8807bb6793eb9,1488885409,PT,Lisboa,30-40;
5a4863cb1d0e9c8d82cd400c85477bf07326f346,1371672000,FR,Mache,;
a3d14fd159971ef7514ccb6a37a66c7606f55343,1507270261,FR,Albi,;
d8a78fa827d5df6e4666cd78aa033f3e7b957a6a,1507815331,FR,Mainvilliers,10-20;
16f5cb97ab78fb749f4c39ad9ca5b0ffff37a49f,1506162130,FR,La Rochelle,;
676c66b87fc90e80a9b1fbc9152108af0bc62dd2,1487337711,FR,Juziers,;
6aad0a8e753564694c1c9cb5c93f99b0c1986498,1450682477,FR,St Valery En Caux,20-30;
0606a956ad93e62295b850830ed011ab0290d848,1507813853,FR,Revin,;
0c97745506b9545c9372e96988c74b7ff2ea83d4,1507815018,FR,Lyon,20-30;
6a81d9c69c1d19ebb68466e9f6738b41d4d845ba,1507814295,FR,Pin-Balma,30-40;
c5d4f84494f4f263baec8004c5b57d8e2e8b6d4b,1507789933,FR,Moussy Le Neuf,40-50;
1cf78e3dd3855029c42c215359b50af21c13f5ff,1486846408,FR,Salernes,20-30;
268b93348b661087781a90a49158c84fe958dd9c,1501070701,FR,Palavas-Les Flots,;
05421f8e8508caf8034745f89d94207b2fb190a5,1384639200,FR,Saint Avold,;
c0603cced6940dd072dd02ce39e72a44c2eefbbd,1430071200,FR,Marmande,;
0b46af1b3ec7abfc80462da4450848d492a511f9,1431460800,FR,Mantes La Jolie,;
6422127f9be528f9eae74db8a94f240a33a61fd6,1507813644,FR,Sannois,30-40;
7a4eb985ffe6c983295930213c95253768039d80,1507813930,FR,Mantes La Ville,30-40;
367b081c826ef3a534d4967c862d224d1364016d,1493399570,FR,Neuilly Sur Marne,20-30;
1e143063d075738e6e44f9d5b904451ad60589f2,1507814097,FR,Colmar,20-30;
6d48187008687f1f3963886c5b97fcd4f6060fcf,1507814065,FR,Epinay Sur Seine,30-40;
47f90c4de6ed1a66b11084c1f64c471fe598981b,1488026357,FR,Boulogne Billancourt,20-30;
9f5c30e42aa4f2d286519a54aa08cb7c85ffd571,1507813978,FR,Cenon,20-30;
5ae99132ecb5983cbef24c7966d4dcc2e4189db8,1507813964,FR,Poitiers,30-40;
ead695d15afa08e0011a0e927c70fe17d396f887,1507813766,FR,Manom,;
c04774275ab4305bac2f50b6f78beca247dc8f69,1470320369,FR,Argeles Sur Mer,;
60fae998df88fbfc054290624c1867c57e16affc,1507457497,FR,Courbevoie,20-30;
8f1704ea632014bf489a11dca9c9c485aa58fec4,1458310982,FR,Martignas Sur Jalles,10-20;
435f0bf9a372fab836c22ddaea33c2e2dedf7d3e,1507812636,FR,Pagny Sur Moselle,30-40;
599e365a9d7df18fa8e23f66a32e1946bba64567,1423000800,FR,Lyon,;
3743630bd5fbfe0e868a9882fd44ef4fbab2ef72,1409774400,FR,Rombas,40-50;
7f94a738edc5a0cb64eab397bab74539f1fb72cb,1507813515,FR,Grasse,40-50;
a0d5b06618b08ce15987b7c23302e71f832ffb46,1497611304,FR,Sainte Vertu,20-30;
c14e44019525df1ef9f9f6d3e6382ae671cf37c1,1507813379,FR,St Andr Le Puy,30-40;
0c19cbb4182bd8051ce3ac49f73a7419aad978ae,1507812680,FR,Eragny  Sur Oise,40-50;
9d77d061b049b6dc76039f780afbd018a6c53813,1507813369,FR,Saint Honor-Les-Bains,;
d29c515b097f85cd9e1c6f8438b1fc9b7ad1ee37,1418763600,FR,Roquebrune Cap Martin,40-50;
30e1d4eeb09e5c661fc4e123c32daed7f7bb9e50,1487967583,FR,Juan Les Pins,20-30;
fe2757d4d0e48cbdea593c78d60eb6ce61862d72,1484593177,FR,Lyon,20-30;
52e0bc29b42590a4c914067bfde8da56bef46ddb,1507813150,FR,Paris,40-50;
12becfa9f7fd546de9db00487d3cb6e23a044a36,1407009600,FR,Liverdun,40-50;
e4567a4d8568f34264af314f916eb5745fe66427,1507813060,FR,Morlaix,;
3f4f7c1c15b85e4311486dcbb5b742339d5c6db1,1505745395,FR,Montmagny,;
cacd304fc7aae4dd5e31643682eb2269877b626e,1507813004,FR,Paris,30-40;
1cb0d6705e42b49699f01262f76205aefa5eaded,1486818429,FR,Strasbourg,10-20;
f97c625d3788081ec62e07dcf3c15a6f8b514da7,1458342062,FR,Talence,20-30;
e1dd10a258e96f821e337860a2e8dc5acd28faf1,1507812147,FR,Salbris,20-30;
faa5d5f4f5384b5295aa5dc7a7cbe7e2a7022cac,1507812514,FR,Seichamps,40-50;
d43a3e96cfbf42c15b0b824d647d51b43488692d,1492773328,IT,Malo ( Vicenza ),20-30;
a8cf4c17a35f5d1a20f16e5bb8953bb8cf3cf13c,1507812362,FR,Saint-Fons,40-50;
76cefa215af49855cf7baeadabf5c4dbd027527f,1507812271,FR,Rosieres,20-30;
2030132a4bbdc6aec24190b9fbd9d5f0693251dc,1507812241,FR,Annecy,30-40;
e3c9555cd17dba91614df6351f82e44c2a4bf13e,1392501600,FR,Nice,30-40;
46fa900ff6aa5ee8a2ea0687472cff8bb3445afd,1507802120,FR,Saint-Cloud,;
e85587e8c487047d4d1830ec8e252e4d667d6b5a,1507812159,FR,St Hilaire D Estissac,;
a3d99bd94260ab6df03d812f93d7e63b96fc568d,1497530555,FR,Vincennes,30-40;
8989e494dd5b87804cc286ed5a744ad48a157c31,1505295287,FR,Aulnay Sous Bois,20-30;
e88f7e8c5ab8bc6e70f2b3f75a228a3ae4e8d820,1396382400,FR,Roquevaire,;
ff2754803e231c15789865e36b7ccf48756a910d,1461636554,FR,Sophia Antipolis Cedex,20-30;
9a2426d59870d29b00e7c598abdd1e46e7993c32,1500636769,FR,Paris,40-50;
8d12d5283a324568726f2d0e36fa01b5404b637a,1507542538,FR,Vitrolles,30-40;
6b38dd935931c33fb673c7bf208a344731568c9d,1507811817,FR,La Chatre,40-50;
984ff6a3429feed46452b641052497085b394f21,1381168800,FR,Michelbach Le Bas,40-50;
ea45c88ce7fef1bf75ef410d071442348d385a2d,1507811761,FR,Lons En Baroeul,;
ae8180ab2a2e07ca0917e1f8516789270a4af049,1399831200,FR,Cysoing,;
b36747cd669623d1f93272bd17f3a7ca67540c24,1502542756,FR,Bordeaux,30-40;
e1ce4efd4efa948aa2e4b88e27c3b503613e7b48,1507811660,FR,Pessac,;
719a741684ece831675632634a26e8451f3be7d8,1507811567,FR,Lucenay,;
7aafcdc94e509db5e8f3af7472d7aefa004f3042,1439834400,FR,Saint-Gingolph,40-50;
50c9959a14d390a59f3f69f2a69aa19feda3f16c,1364932800,FR,Ascain,40-50;
60cc3da676ecd874c42d3852e84660e26592a49c,1507811373,FR,Amiens,20-30;
48fddd81dff90e21e8556d42695e8fbaf2db48ac,1480013015,FR,Strasbourg,20-30;
418755aaac5385eb4fdf5a62dffae27aa8f37205,1453817607,FR,St Junien,10-20;
9dbb5f5ed42d29f9ef661bb9149797f6e5307596,1364504400,FR,Gaillefontaine,;
91278797373aab28b47e3a578c4dd24f78e78669,1440266400,BE,Gent,;
f68d72120989df106136473527676d5a09a12b28,1468386368,FR,Cox,;
bdc005c544b651f431f574328f9ba72b7c8ffa50,1487345317,FR,Saint Germain En Laye,30-40;
dd5f574bcd2a6761c0d1766087005b466f49494f,1427317200,FR,Breancon,30-40;
99b557745887f67d4a62df1a94338a1e38001464,1454078216,FR,Valence,10-20;
c24b1a1746a2a418993ac33896780659978e8492,1459652479,FR,Roeschwoog,;
b5484d57357f88397735db9d360993cee03a08d0,1507810540,FR,Ventiseri,;
c4b871acd1832798685d8fddb0fa7fbbdaf102a9,1453124461,FR,La Garenne Colombes,;
07a4e265529b22dccdc2ea2708d6a776ee285b2d,1473054722,FR,Prasville,40-50;
3cd6f3ac2c92fe388bd230db2230e94878756e84,1425333600,FR,Yssingeaux,;
acdda24cf66c049ee0b97c5d59edda4d96198989,1507810307,FR,Biot,;
3e598af87f502a8733041a4fcdc19a81808bffe5,1438459200,FR,Olivet,;
737416d6f57a98f92eff29181d497982bdd3f6ae,1507810062,FR,Saint Germain En Laye,;
90db00b8aa31446f65554b1574316ff8c1d9416f,1507809959,FR,Remy,30-40;
47010881614ee2bdc62383f71f88e892df5f49a1,1380052800,FR,Solesmes,;
7638e4b9a72fd8ab028c7924f3783e9961436579,1500824832,FR,Cabannes,40-50;
b3547adde7cbf41632f296b02bec81e7fea5908a,1425592800,FR,Buxerolles,;
61ce1c0c8ed231a832be30888b27ea838d072421,1507724629,FR,Anglet,30-40;
b790918d3cf04609a65d823d66d652908356ef3c,1425247200,FR,Aubenas,40-50;
2bae6719e79dca9e2bb4c0fda4717bfcd318ce28,1481018774,FR,Lans En Vercors,30-40;
65f3e385410fd75d183469b57d22c09d76322e04,1506930359,FR,La Rochelle,30-40;
4f8cc734cb88941e72e6f52e08b38d10e63b0393,1507809364,FR,Morizes,40-50;
e1425a19fce523785a8a5413fa66e5b4b8707500,1507809341,FR,Tencin,;
bc5c6f17e5fb50a2ab999c7b740474b9a7d2e7b6,1431453600,FR,Fronton,;
33a102eea27caa446e49edf05092a6ec32b9e3c6,1507805127,FR,Villejuif,30-40;
aac668a3cade778444c0fb44d68c0472073618c3,1507809211,FR,Clamecy,;
53e18d477f6b4192542ddd884dad62494cefb962,1507809147,FR,Raulecourt Broussey,20-30;
d826a575e52fa3380fdcde4750515f8bcf802ef4,1500793789,FR,Chtel  Grard,;
8011ffc40eefee81cd858ec30f70b8a868d0016f,1433008800,FR,Sillingy,;
f7046a39b6907e8123987d583b3f88354df0eae3,1506630610,FR,Choisy-Le-Roi,20-30;
aa8825ad84f4126992bc9162d30d174d9719b0ee,1489936268,FR,Clamart,;
1141e80e7e05e1212887dffd87731e160db38e20,1456258427,FR,Chabeuil,10-20;
01c5abf6c75446fdd732507e0c43439309a39bf9,1503857317,FR,Aups,;
6316cd2675c49467c1ce5acda43280157e2ed61b,1397073600,FR,Annecy Le Vieux,30-40;
1bf82af1005ed9b3e3d9356cd9bba296ba793a52,1462951329,FR,Les Mureaux,30-40;
5064d9afd8e11597bc50a6c39367a746f08bc83e,1507808728,FR,Digne Les Bains,;
40b6afc5651812568393c2937e069c4d42a2a83f,1496349284,FR,Pagny Sur Moselle,30-40;
a5aeb8529509ef707d06a173aef1d5279bcec08d,1321563600,FR,Troyes,;
556bf4773aea724a67df8eb9fe5e9b0a55cd61c1,1498118346,FR,Montmagny,;
00ef0af4882e13e8e07bcc5ae86447f1308251bd,1487687087,FR,Estrun,40-50;
511eedecf1b809db5150066030415bf2985d4e14,1507808318,FR,Marseille,20-30;
f84f2cd76ad182df22130a3782c2b12eef2fbfb8,1507808296,FR,Saumont La Poterie,;
cd9fa5d4890086d6634a0ccd663ff7ae29a0063c,1444154400,FR,Douai,;
5197d8a17d1becad7a5158c7ce74aee8c01b814f,1355090400,FR,Thiers,;
23ac34b18c235a24b61633360445914e7cd814ae,1507808204,FR,Lyon,40-50;
d2c8feb71c32764ceec93995b61144ad1333dbc4,1437242400,FR,Vitry Sur Seine,30-40;
cb39bea39261053fd23f40d7b5bafb81c15c9953,1507808185,FR,Gonesse,20-30;
5c84d3363e3dfd7a144f710a45af1563a1e2d5ca,1489915772,FR,Petite Rosselle,30-40;
39d7369394f16cf3ee078daa07d5f9d6ee51e966,1464271982,FR,St-Yzan De Soudiac,40-50;
398db0aa31e46887aa07ca206efed8402fcec243,1507807920,FR,Paris,20-30;
f0bd91fe5770e0eb99859f21adb6d931f92a6617,1386194400,FR,Chambray Les Tours,;
5f3784b71be0520a076cc8842596589dde1e57a1,1507807741,FR,Lardy,40-50;
3cf94607a5a90bfb5bb45c12d05a50ed206b3b04,1380823200,FR,Paris,;
86436bb059dc554b99da9d28c02628032fde8c4d,1505019257,FR,Lyon,20-30;
f0470dc07d308640c21023923bbbcbd545bd686a,1506860200,FR,Alfortville,20-30;
249b4b7f86aabb3330d2f811473cdecdd3253a2d,1455014461,FR,Ploubazlanec,20-30;
3634d4d235c25e29f7ef5c5b5ce5923ad734019a,1507807023,FR,Entrechaux,10-20;
8407dc6ee20793e64305d60c59e23dc915efdcd8,1507222018,FR,Chartres De Bretagne,10-20;
bc3d3b4a38db2ea289d4a759bb314b07e8667fe1,1409515200,BE,Bruxelles,30-40;
2735fd22353d65dc2e742b959964cc2f75d94910,1507656522,FR,Leigne Sur Usseau,40-50;
d04ce2d6ca11c271ff6b2159da8d3fb3b23d6acf,1480611916,FR,Compigne,20-30;
a96904b509d6c7d290c1554b94284273002f53bc,1507806727,FR,St Clair Du Rhone,10-20;
827cb904401173a2458aab2ff33ded78dc520de5,1488978848,FR,Chenove,30-40;
61a970d33e92fda5e18332f506f6a2eb6f225985,1419026400,FR,Habsheim,;
9b6267c881e6b29c13a0a228fb64d6d737a8eb4b,1507806448,FR,Recquignies,;
ac882891fdaba83dcd045ca1a208eb72da507423,1429034400,FR,St Martin Des Noyers,;
29272045b7991e7f4ed40b2af11ccb5b021dc71c,1411416000,FR,Villiers Sur Orge,;
816b66c03c00bfc50b1083f0f855066ce0783b5d,1507806371,FR,Biarritz,;
243def4a1c089ec0117500d5f9eca577dedaa363,1338746400,FR,Grasse,30-40;
848a81b7983864bbc38c8c987f9fa1b25de7f8b5,1507806095,FR,Saint Maximin La Sainte Baume,20-30;
16a32f24df40db8240f8685166a91cb4ee9b5140,1449732330,FR,Saint Brice,30-40;
959de0c93433ef660f18d86f533e10495eed99ac,1498536184,FR,Bonneville,;